view,frame_zero_based,time_ms,draw_index,id,asset,parent,file,position_x,position_y,angle_degrees,scale_x,scale_y,pivot_x,pivot_y,native_width,native_height
front,0,0,0,hip_joint_near,hip,root,workspace/plain-walk-v13/parts/front/hip.png,103.8,179.5,0,1,1,4,4,8,8
front,0,0,1,shin_near,shin,knee_near,workspace/plain-walk-v13/parts/front/shin.png,104.14999999999999,203.35812196817852,1.3202880284815148,1,0.705254308257279,5,3,10,34
front,0,0,2,knee_joint_near,knee,hip_near,workspace/plain-walk-v13/parts/front/knee.png,104.14999999999999,203.35812196817852,0,1,0.838348898411614,4,4,8,8
front,0,0,3,thigh_near,thigh,hip_near,workspace/plain-walk-v13/parts/front/thigh.png,103.8,179.5,-0.8404720398956725,1,0.9177188111529093,7,3,14,32
front,0,0,4,ankle_joint_near,ankle,knee_near,workspace/plain-walk-v13/parts/front/ankle.png,103.695,223.1,0,1,1,3,3,6,6
front,0,0,5,foot_near,foot_toe,ankle_near,workspace/plain-walk-v13/parts/front/foot_toe.png,103.695,223.1,-0.35,0.9,0.9,5,2,10,13
front,0,0,6,shoulder_joint_far,shoulder,thorax,workspace/plain-walk-v13/parts/front/shoulder.png,82.68198708178647,138.56904691816538,0,1,1,3.5,3.5,7,7
front,0,0,7,upper_arm_far,upper_arm,shoulder_far,workspace/plain-walk-v13/parts/front/upper_arm.png,82.68198708178647,138.56904691816538,10.475884648512203,1,0.9999808430909257,4.5,3,9,28
front,0,0,8,elbow_joint_far,elbow,shoulder_far,workspace/plain-walk-v13/parts/front/elbow.png,78.68198708178647,160.20192597504632,0,1,1,3,3,6,6
front,0,0,9,forearm_far,forearm,elbow_far,workspace/plain-walk-v13/parts/front/forearm.png,78.68198708178647,160.20192597504632,9.312808704359535,1,1.013356479661546,3.5,3,7,23
front,0,0,10,wrist_joint_far,wrist,elbow_far,workspace/plain-walk-v13/parts/front/wrist.png,75.89422784576556,177.20192597504632,0,1,1,2.5,2.5,5,5
front,0,0,11,hand_far,hand,wrist_far,workspace/plain-walk-v13/parts/front/hand.png,75.89422784576556,177.20192597504632,-2.56,1,0.9902680687415704,4,2,8,9
front,0,0,12,waist_joint,waist,root,workspace/plain-walk-v13/parts/front/waist.png,95.3,160,0,1,1,9,5,18,10
front,0,0,13,lower_body,lower_body,root,workspace/plain-walk-v13/parts/front/lower_body.png,95.3,160,0,1,1,15,-2,30,26
front,0,0,14,hip_joint_far,hip,root,workspace/plain-walk-v13/parts/front/hip.png,86.8,179.5,0,1,1,4,4,8,8
front,0,0,15,thigh_far,thigh,hip_far,workspace/plain-walk-v13/parts/front/thigh.png,86.8,179.5,0.8639171632348774,1,0.8928154213219786,7,3,14,32
front,0,0,16,knee_joint_far,knee,hip_far,workspace/plain-walk-v13/parts/front/knee.png,86.45,202.71056221955925,0,1,0.9623167300422261,4,4,8,8
front,0,0,17,shin_far,shin,knee_far,workspace/plain-walk-v13/parts/front/shin.png,86.45,202.71056221955925,-0.5339429368823652,1,0.9389492633510782,5,3,10,34
front,0,0,18,ankle_joint_far,ankle,knee_far,workspace/plain-walk-v13/parts/front/ankle.png,86.695,229,0,1,1,3,3,6,6
front,0,0,19,foot_far,foot_heel,ankle_far,workspace/plain-walk-v13/parts/front/foot_heel.png,86.695,229,-0.35,1,1,6,2,12,14
front,0,0,20,neck,neck,cervical,workspace/plain-walk-v13/parts/front/neck.png,95.3,128,-0.315,1,1,4.5,5,9,10
front,0,0,21,upper_body,upper_body,waist,workspace/plain-walk-v13/parts/front/upper_body.png,95.3,160,-0.315,1,1,17,32,34,34
front,0,0,22,shoulder_joint_near,shoulder,thorax,workspace/plain-walk-v13/parts/front/shoulder.png,107.68160926194466,138.43160293196257,0,1,1,3.5,3.5,7,7
front,0,0,23,upper_arm_near,upper_arm,shoulder_near,workspace/plain-walk-v13/parts/front/upper_arm.png,107.68160926194466,138.43160293196257,-11.603009122321035,-1,0.9588041700079665,4.5,3,9,28
front,0,0,24,elbow_joint_near,elbow,shoulder_near,workspace/plain-walk-v13/parts/front/elbow.png,111.92417013506362,159.09423849636767,0,1,1,3,3,6,6
front,0,0,25,forearm_near,forearm,elbow_near,workspace/plain-walk-v13/parts/front/forearm.png,111.92417013506362,159.09423849636767,-22.45533150366975,-1,0.5333064765528681,3.5,3,7,23
front,0,0,26,wrist_joint_near,wrist,elbow_near,workspace/plain-walk-v13/parts/front/wrist.png,115.387127381594,167.4730267566955,0,1,1,2.5,2.5,5,5
front,0,0,27,hand_near,hand,wrist_near,workspace/plain-walk-v13/parts/front/hand.png,115.387127381594,167.4730267566955,-0.13999999999999968,-1,0.838670567945424,4,2,8,9
front,0,0,28,head,head,neck,workspace/plain-walk-v13/parts/front/head.png,95.3,124,0,1,1,34,62,68,65
front,1,120,0,shoulder_joint_far,shoulder,thorax,workspace/plain-walk-v13/parts/front/shoulder.png,82.68198708178647,140.06904691816538,0,1,1,3.5,3.5,7,7
front,1,120,1,upper_arm_far,upper_arm,shoulder_far,workspace/plain-walk-v13/parts/front/upper_arm.png,82.68198708178647,140.06904691816538,10.35774710466724,1,1.0112596926816457,4.5,3,9,28
front,1,120,2,elbow_joint_far,elbow,shoulder_far,workspace/plain-walk-v13/parts/front/elbow.png,78.68198708178647,161.95421871014835,0,1,1,3,3,6,6
front,1,120,3,forearm_far,forearm,elbow_far,workspace/plain-walk-v13/parts/front/forearm.png,78.68198708178647,161.95421871014835,9.583947665780729,1,1.0107055665386961,3.5,3,7,23
front,1,120,4,wrist_joint_far,wrist,elbow_far,workspace/plain-walk-v13/parts/front/wrist.png,75.82131388317816,178.8963994539576,0,1,1,2.5,2.5,5,5
front,1,120,5,hand_far,hand,wrist_far,workspace/plain-walk-v13/parts/front/hand.png,75.82131388317816,178.8963994539576,-2.2,1,0.9902680687415704,4,2,8,9
front,1,120,6,waist_joint,waist,root,workspace/plain-walk-v13/parts/front/waist.png,95.3,161.5,0,1,1,9,5,18,10
front,1,120,7,lower_body,lower_body,root,workspace/plain-walk-v13/parts/front/lower_body.png,95.3,161.5,0.5,1,1,15,-2,30,26
front,1,120,8,hip_joint_near,hip,root,workspace/plain-walk-v13/parts/front/hip.png,103.8,181,0,1,1,4,4,8,8
front,1,120,9,shin_near,shin,knee_near,workspace/plain-walk-v13/parts/front/shin.png,104.14999999999999,203.7452062857944,1.661626613663435,1,0.560406852544703,5,3,10,34
front,1,120,10,knee_joint_near,knee,hip_near,workspace/plain-walk-v13/parts/front/knee.png,104.14999999999999,203.7452062857944,0,1,0.62,4,4,8,8
front,1,120,11,thigh_near,thigh,hip_near,workspace/plain-walk-v13/parts/front/thigh.png,103.8,181,-0.8815897294365186,1,0.8749191923661428,7,3,14,32
front,1,120,12,ankle_joint_near,ankle,knee_near,workspace/plain-walk-v13/parts/front/ankle.png,103.695,219.43,0,1,1,3,3,6,6
front,1,120,13,foot_near,foot_toe,ankle_near,workspace/plain-walk-v13/parts/front/foot_toe.png,103.695,219.43,-0.35,0.87,0.87,5,2,10,13
front,1,120,14,hip_joint_far,hip,root,workspace/plain-walk-v13/parts/front/hip.png,86.8,181,0,1,1,4,4,8,8
front,1,120,15,thigh_far,thigh,hip_far,workspace/plain-walk-v13/parts/front/thigh.png,86.8,181,0.954744952931794,1,0.8078859515461511,7,3,14,32
front,1,120,16,knee_joint_far,knee,hip_far,workspace/plain-walk-v13/parts/front/knee.png,86.45,202.00211857020633,0,1,0.7862946814891674,4,4,8,8
front,1,120,17,shin_far,shin,knee_far,workspace/plain-walk-v13/parts/front/shin.png,86.45,202.00211857020633,-0.5345845847368509,1,0.9378222998240788,5,3,10,34
front,1,120,18,ankle_joint_far,ankle,knee_far,workspace/plain-walk-v13/parts/front/ankle.png,86.695,228.26,0,1,1,3,3,6,6
front,1,120,19,foot_far,foot,ankle_far,workspace/plain-walk-v13/parts/front/foot.png,86.695,228.26,-0.35,0.98,0.98,6,2,12,15
front,1,120,20,neck,neck,cervical,workspace/plain-walk-v13/parts/front/neck.png,95.3,129.5,-0.315,1,1,4.5,5,9,10
front,1,120,21,upper_body,upper_body,waist,workspace/plain-walk-v13/parts/front/upper_body.png,95.3,161.5,-0.315,1,1,17,32,34,34
front,1,120,22,shoulder_joint_near,shoulder,thorax,workspace/plain-walk-v13/parts/front/shoulder.png,107.68160926194466,139.93160293196257,0,1,1,3.5,3.5,7,7
front,1,120,23,upper_arm_near,upper_arm,shoulder_near,workspace/plain-walk-v13/parts/front/upper_arm.png,107.68160926194466,139.93160293196257,-11.18564219213003,-1,0.9801334790897589,4.5,3,9,28
front,1,120,24,elbow_joint_near,elbow,shoulder_near,workspace/plain-walk-v13/parts/front/elbow.png,111.86457154986428,161.08492557226705,0,1,1,3,3,6,6
front,1,120,25,forearm_near,forearm,elbow_near,workspace/plain-walk-v13/parts/front/forearm.png,111.86457154986428,161.08492557226705,-21.253087427181693,-1,0.5612343755783663,3.5,3,7,23
front,1,120,26,wrist_joint_near,wrist,elbow_near,workspace/plain-walk-v13/parts/front/wrist.png,115.32306637552743,169.97701174888914,0,1,1,2.5,2.5,5,5
front,1,120,27,hand_near,hand,wrist_near,workspace/plain-walk-v13/parts/front/hand.png,115.32306637552743,169.97701174888914,0.2200000000000002,-1,0.838670567945424,4,2,8,9
front,1,120,28,head,head,neck,workspace/plain-walk-v13/parts/front/head.png,95.3,125.5,0,1,1,34,62,68,65
front,2,240,0,waist_joint,waist,root,workspace/plain-walk-v13/parts/front/waist.png,96,160,0,1,1,9,5,18,10
front,2,240,1,lower_body,lower_body,root,workspace/plain-walk-v13/parts/front/lower_body.png,96,160,0.8,1,1,15,-2,30,26
front,2,240,2,hip_joint_far,hip,root,workspace/plain-walk-v13/parts/front/hip.png,87.5,179.5,0,1,1,4,4,8,8
front,2,240,3,shin_far,shin,knee_far,workspace/plain-walk-v13/parts/front/shin.png,87.15,201.88197466046907,-0.8390688750480689,1,0.853592434834812,5,3,10,34
front,2,240,4,knee_joint_far,knee,hip_far,workspace/plain-walk-v13/parts/front/knee.png,87.15,201.88197466046907,0,1,0.9165501776911714,4,4,8,8
front,2,240,5,thigh_far,thigh,hip_far,workspace/plain-walk-v13/parts/front/thigh.png,87.5,179.5,0.8958945215524488,1,0.8609504257816868,7,3,14,32
front,2,240,6,ankle_joint_far,ankle,knee_far,workspace/plain-walk-v13/parts/front/ankle.png,87.5,225.78,0,1,1,3,3,6,6
front,2,240,7,foot_far,foot,ankle_far,workspace/plain-walk-v13/parts/front/foot.png,87.5,225.78,0,0.94,0.94,6,2,12,15
front,2,240,8,hip_joint_near,hip,root,workspace/plain-walk-v13/parts/front/hip.png,104.5,179.5,0,1,1,4,4,8,8
front,2,240,9,thigh_near,thigh,hip_near,workspace/plain-walk-v13/parts/front/thigh.png,104.5,179.5,-1.1837147442128,1,0.6516301444851653,7,3,14,32
front,2,240,10,knee_joint_near,knee,hip_near,workspace/plain-walk-v13/parts/front/knee.png,104.85,196.43876817706612,0,1,0.62,4,4,8,8
front,2,240,11,shin_near,shin,knee_near,workspace/plain-walk-v13/parts/front/shin.png,104.85,196.43876817706612,0.793167118619242,1,0.9029876590259802,5,3,10,34
front,2,240,12,ankle_joint_near,ankle,knee_near,workspace/plain-walk-v13/parts/front/ankle.png,104.5,221.72,0,1,1,3,3,6,6
front,2,240,13,foot_near,foot_heel,ankle_near,workspace/plain-walk-v13/parts/front/foot_heel.png,104.5,221.72,0,0.94,0.94,6,2,12,14
front,2,240,14,neck,neck,cervical,workspace/plain-walk-v13/parts/front/neck.png,96,128,0,1,1,4.5,5,9,10
front,2,240,15,upper_body,upper_body,waist,workspace/plain-walk-v13/parts/front/upper_body.png,96,160,0,1,1,17,32,34,34
front,2,240,16,shoulder_joint_far,shoulder,thorax,workspace/plain-walk-v13/parts/front/shoulder.png,83.5,138.5,0,1,1,3.5,3.5,7,7
front,2,240,17,upper_arm_far,upper_arm,shoulder_far,workspace/plain-walk-v13/parts/front/upper_arm.png,83.5,138.5,10.276522837234163,1,1.0191656420425677,4.5,3,9,28
front,2,240,18,elbow_joint_far,elbow,shoulder_far,workspace/plain-walk-v13/parts/front/elbow.png,79.5,160.5619610475882,0,1,1,3,3,6,6
front,2,240,19,forearm_far,forearm,elbow_far,workspace/plain-walk-v13/parts/front/forearm.png,79.5,160.5619610475882,11.17700511103448,1,0.9509516921006106,3.5,3,7,23
front,2,240,20,wrist_joint_far,wrist,elbow_far,workspace/plain-walk-v13/parts/front/wrist.png,76.36633752199704,176.4215163805369,0,1,1,2.5,2.5,5,5
front,2,240,21,hand_far,hand,wrist_far,workspace/plain-walk-v13/parts/front/hand.png,76.36633752199704,176.4215163805369,-1.48,1,0.9986295347545738,4,2,8,9
front,2,240,22,shoulder_joint_near,shoulder,thorax,workspace/plain-walk-v13/parts/front/shoulder.png,108.5,138.5,0,1,1,3.5,3.5,7,7
front,2,240,23,upper_arm_near,upper_arm,shoulder_near,workspace/plain-walk-v13/parts/front/upper_arm.png,108.5,138.5,-10.416909228580609,-1,1.0132999216974006,4.5,3,9,28
front,2,240,24,elbow_joint_near,elbow,shoulder_near,workspace/plain-walk-v13/parts/front/elbow.png,112.5307115570982,160.4251750802237,0,1,1,3,3,6,6
front,2,240,25,forearm_near,forearm,elbow_near,workspace/plain-walk-v13/parts/front/forearm.png,112.5307115570982,160.4251750802237,-14.01843322851677,-1,0.8083773602629334,3.5,3,7,23
front,2,240,26,wrist_joint_near,wrist,elbow_near,workspace/plain-walk-v13/parts/front/wrist.png,115.85959239002602,173.7583114649392,0,1,1,2.5,2.5,5,5
front,2,240,27,hand_near,hand,wrist_near,workspace/plain-walk-v13/parts/front/hand.png,115.85959239002602,173.7583114649392,1.3000000000000003,-1,0.9455185755993168,4,2,8,9
front,2,240,28,head,head,neck,workspace/plain-walk-v13/parts/front/head.png,96,124,0,1,1,34,62,68,65
front,3,360,0,hip_joint_far,hip,root,workspace/plain-walk-v13/parts/front/hip.png,88.2,178,0,1,1,4,4,8,8
front,3,360,1,shin_far,shin,knee_far,workspace/plain-walk-v13/parts/front/shin.png,87.85000000000001,202.91352935974567,-1.1242001659087748,1,0.8282476628457264,5,3,10,34
front,3,360,2,knee_joint_far,knee,hip_far,workspace/plain-walk-v13/parts/front/knee.png,87.85000000000001,202.91352935974567,0,1,0.8427267350040312,4,4,8,8
front,3,360,3,thigh_far,thigh,hip_far,workspace/plain-walk-v13/parts/front/thigh.png,88.2,178,0.8048720605678532,1,0.9583072208457024,7,3,14,32
front,3,360,4,ankle_joint_far,ankle,knee_far,workspace/plain-walk-v13/parts/front/ankle.png,88.305,226.1,0,1,1,3,3,6,6
front,3,360,5,foot_far,foot_toe,ankle_far,workspace/plain-walk-v13/parts/front/foot_toe.png,88.305,226.1,0.35,0.9,0.9,5,2,10,13
front,3,360,6,shoulder_joint_near,shoulder,thorax,workspace/plain-walk-v13/parts/front/shoulder.png,109.31801291821353,137.06904691816538,0,1,1,3.5,3.5,7,7
front,3,360,7,upper_arm_near,upper_arm,shoulder_near,workspace/plain-walk-v13/parts/front/upper_arm.png,109.31801291821353,137.06904691816538,-10.317976231133958,-1,1.0151151445585673,4.5,3,9,28
front,3,360,8,elbow_joint_near,elbow,shoulder_near,workspace/plain-walk-v13/parts/front/elbow.png,113.31801291821353,159.04043827712775,0,1,1,3,3,6,6
front,3,360,9,forearm_near,forearm,elbow_near,workspace/plain-walk-v13/parts/front/forearm.png,113.31801291821353,159.04043827712775,-10.366058947283534,-1,0.9774686798236019,3.5,3,7,23
front,3,360,10,wrist_joint_near,wrist,elbow_near,workspace/plain-walk-v13/parts/front/wrist.png,116.30801127744655,175.3861875900903,0,1,1,2.5,2.5,5,5
front,3,360,11,hand_near,hand,wrist_near,workspace/plain-walk-v13/parts/front/hand.png,116.30801127744655,175.3861875900903,2.2,-1,0.9993908270190958,4,2,8,9
front,3,360,12,waist_joint,waist,root,workspace/plain-walk-v13/parts/front/waist.png,96.7,158.5,0,1,1,9,5,18,10
front,3,360,13,lower_body,lower_body,root,workspace/plain-walk-v13/parts/front/lower_body.png,96.7,158.5,0.5,1,1,15,-2,30,26
front,3,360,14,hip_joint_near,hip,root,workspace/plain-walk-v13/parts/front/hip.png,105.2,178,0,1,1,4,4,8,8
front,3,360,15,thigh_near,thigh,hip_near,workspace/plain-walk-v13/parts/front/thigh.png,105.2,178,-0.8936993876296284,1,0.8630649484887313,7,3,14,32
front,3,360,16,knee_joint_near,knee,hip_near,workspace/plain-walk-v13/parts/front/knee.png,105.55,200.43695895591608,0,1,0.9602116088195735,4,4,8,8
front,3,360,17,shin_near,shin,knee_near,workspace/plain-walk-v13/parts/front/shin.png,105.55,200.43695895591608,0.5491144880643839,1,0.9130076812644327,5,3,10,34
front,3,360,18,ankle_joint_near,ankle,knee_near,workspace/plain-walk-v13/parts/front/ankle.png,105.305,226,0,1,1,3,3,6,6
front,3,360,19,foot_near,foot_swing,ankle_near,workspace/plain-walk-v13/parts/front/foot_swing.png,105.305,226,0.35,1,1,6,2,12,14
front,3,360,20,neck,neck,cervical,workspace/plain-walk-v13/parts/front/neck.png,96.7,126.5,0.315,1,1,4.5,5,9,10
front,3,360,21,upper_body,upper_body,waist,workspace/plain-walk-v13/parts/front/upper_body.png,96.7,158.5,0.315,1,1,17,32,34,34
front,3,360,22,shoulder_joint_far,shoulder,thorax,workspace/plain-walk-v13/parts/front/shoulder.png,84.31839073805534,136.93160293196257,0,1,1,3.5,3.5,7,7
front,3,360,23,upper_arm_far,upper_arm,shoulder_far,workspace/plain-walk-v13/parts/front/upper_arm.png,84.31839073805534,136.93160293196257,10.834170610924529,1,0.996903706470027,4.5,3,9,28
front,3,360,24,elbow_joint_far,elbow,shoulder_far,workspace/plain-walk-v13/parts/front/elbow.png,80.19591840921049,158.47255578658738,0,1,1,3,3,6,6
front,3,360,25,forearm_far,forearm,elbow_far,workspace/plain-walk-v13/parts/front/forearm.png,80.19591840921049,158.47255578658738,14.939824750777268,1,0.7646036408319729,3.5,3,7,23
front,3,360,26,wrist_joint_far,wrist,elbow_far,workspace/plain-walk-v13/parts/front/wrist.png,76.84490887249733,171.0314389914588,0,1,1,2.5,2.5,5,5
front,3,360,27,hand_far,hand,wrist_far,workspace/plain-walk-v13/parts/front/hand.png,76.84490887249733,171.0314389914588,-0.40000000000000036,1,0.9510565162951535,4,2,8,9
front,3,360,28,head,head,neck,workspace/plain-walk-v13/parts/front/head.png,96.7,122.5,0,1,1,34,62,68,65
front,4,480,0,hip_joint_far,hip,root,workspace/plain-walk-v13/parts/front/hip.png,88.2,179.5,0,1,1,4,4,8,8
front,4,480,1,shin_far,shin,knee_far,workspace/plain-walk-v13/parts/front/shin.png,87.85000000000001,203.35812196817852,-1.3202880284815148,1,0.705254308257279,5,3,10,34
front,4,480,2,knee_joint_far,knee,hip_far,workspace/plain-walk-v13/parts/front/knee.png,87.85000000000001,203.35812196817852,0,1,0.838348898411614,4,4,8,8
front,4,480,3,thigh_far,thigh,hip_far,workspace/plain-walk-v13/parts/front/thigh.png,88.2,179.5,0.8404720398956725,1,0.9177188111529093,7,3,14,32
front,4,480,4,ankle_joint_far,ankle,knee_far,workspace/plain-walk-v13/parts/front/ankle.png,88.305,223.1,0,1,1,3,3,6,6
front,4,480,5,foot_far,foot_toe,ankle_far,workspace/plain-walk-v13/parts/front/foot_toe.png,88.305,223.1,0.35,0.9,0.9,5,2,10,13
front,4,480,6,shoulder_joint_near,shoulder,thorax,workspace/plain-walk-v13/parts/front/shoulder.png,109.31801291821353,138.56904691816538,0,1,1,3.5,3.5,7,7
front,4,480,7,upper_arm_near,upper_arm,shoulder_near,workspace/plain-walk-v13/parts/front/upper_arm.png,109.31801291821353,138.56904691816538,-10.475884648512203,-1,0.9999808430909257,4.5,3,9,28
front,4,480,8,elbow_joint_near,elbow,shoulder_near,workspace/plain-walk-v13/parts/front/elbow.png,113.31801291821353,160.20192597504632,0,1,1,3,3,6,6
front,4,480,9,forearm_near,forearm,elbow_near,workspace/plain-walk-v13/parts/front/forearm.png,113.31801291821353,160.20192597504632,-9.312808704359535,-1,1.013356479661546,3.5,3,7,23
front,4,480,10,wrist_joint_near,wrist,elbow_near,workspace/plain-walk-v13/parts/front/wrist.png,116.10577215423444,177.20192597504632,0,1,1,2.5,2.5,5,5
front,4,480,11,hand_near,hand,wrist_near,workspace/plain-walk-v13/parts/front/hand.png,116.10577215423444,177.20192597504632,2.56,-1,0.9902680687415704,4,2,8,9
front,4,480,12,waist_joint,waist,root,workspace/plain-walk-v13/parts/front/waist.png,96.7,160,0,1,1,9,5,18,10
front,4,480,13,lower_body,lower_body,root,workspace/plain-walk-v13/parts/front/lower_body.png,96.7,160,0,1,1,15,-2,30,26
front,4,480,14,hip_joint_near,hip,root,workspace/plain-walk-v13/parts/front/hip.png,105.2,179.5,0,1,1,4,4,8,8
front,4,480,15,thigh_near,thigh,hip_near,workspace/plain-walk-v13/parts/front/thigh.png,105.2,179.5,-0.8639171632348774,1,0.8928154213219786,7,3,14,32
front,4,480,16,knee_joint_near,knee,hip_near,workspace/plain-walk-v13/parts/front/knee.png,105.55,202.71056221955925,0,1,0.9623167300422261,4,4,8,8
front,4,480,17,shin_near,shin,knee_near,workspace/plain-walk-v13/parts/front/shin.png,105.55,202.71056221955925,0.5339429368823652,1,0.9389492633510782,5,3,10,34
front,4,480,18,ankle_joint_near,ankle,knee_near,workspace/plain-walk-v13/parts/front/ankle.png,105.305,229,0,1,1,3,3,6,6
front,4,480,19,foot_near,foot_heel,ankle_near,workspace/plain-walk-v13/parts/front/foot_heel.png,105.305,229,0.35,1,1,6,2,12,14
front,4,480,20,neck,neck,cervical,workspace/plain-walk-v13/parts/front/neck.png,96.7,128,0.315,1,1,4.5,5,9,10
front,4,480,21,upper_body,upper_body,waist,workspace/plain-walk-v13/parts/front/upper_body.png,96.7,160,0.315,1,1,17,32,34,34
front,4,480,22,shoulder_joint_far,shoulder,thorax,workspace/plain-walk-v13/parts/front/shoulder.png,84.31839073805534,138.43160293196257,0,1,1,3.5,3.5,7,7
front,4,480,23,upper_arm_far,upper_arm,shoulder_far,workspace/plain-walk-v13/parts/front/upper_arm.png,84.31839073805534,138.43160293196257,11.603009122321035,1,0.9588041700079665,4.5,3,9,28
front,4,480,24,elbow_joint_far,elbow,shoulder_far,workspace/plain-walk-v13/parts/front/elbow.png,80.07582986493638,159.09423849636767,0,1,1,3,3,6,6
front,4,480,25,forearm_far,forearm,elbow_far,workspace/plain-walk-v13/parts/front/forearm.png,80.07582986493638,159.09423849636767,22.45533150366975,1,0.5333064765528681,3.5,3,7,23
front,4,480,26,wrist_joint_far,wrist,elbow_far,workspace/plain-walk-v13/parts/front/wrist.png,76.612872618406,167.4730267566955,0,1,1,2.5,2.5,5,5
front,4,480,27,hand_far,hand,wrist_far,workspace/plain-walk-v13/parts/front/hand.png,76.612872618406,167.4730267566955,0.13999999999999968,1,0.838670567945424,4,2,8,9
front,4,480,28,head,head,neck,workspace/plain-walk-v13/parts/front/head.png,96.7,124,0,1,1,34,62,68,65
front,5,600,0,shoulder_joint_near,shoulder,thorax,workspace/plain-walk-v13/parts/front/shoulder.png,109.31801291821353,140.06904691816538,0,1,1,3.5,3.5,7,7
front,5,600,1,upper_arm_near,upper_arm,shoulder_near,workspace/plain-walk-v13/parts/front/upper_arm.png,109.31801291821353,140.06904691816538,-10.35774710466724,-1,1.0112596926816457,4.5,3,9,28
front,5,600,2,elbow_joint_near,elbow,shoulder_near,workspace/plain-walk-v13/parts/front/elbow.png,113.31801291821353,161.95421871014835,0,1,1,3,3,6,6
front,5,600,3,forearm_near,forearm,elbow_near,workspace/plain-walk-v13/parts/front/forearm.png,113.31801291821353,161.95421871014835,-9.583947665780729,-1,1.0107055665386961,3.5,3,7,23
front,5,600,4,wrist_joint_near,wrist,elbow_near,workspace/plain-walk-v13/parts/front/wrist.png,116.17868611682184,178.8963994539576,0,1,1,2.5,2.5,5,5
front,5,600,5,hand_near,hand,wrist_near,workspace/plain-walk-v13/parts/front/hand.png,116.17868611682184,178.8963994539576,2.2,-1,0.9902680687415704,4,2,8,9
front,5,600,6,waist_joint,waist,root,workspace/plain-walk-v13/parts/front/waist.png,96.7,161.5,0,1,1,9,5,18,10
front,5,600,7,lower_body,lower_body,root,workspace/plain-walk-v13/parts/front/lower_body.png,96.7,161.5,-0.5,1,1,15,-2,30,26
front,5,600,8,hip_joint_far,hip,root,workspace/plain-walk-v13/parts/front/hip.png,88.2,181,0,1,1,4,4,8,8
front,5,600,9,shin_far,shin,knee_far,workspace/plain-walk-v13/parts/front/shin.png,87.85000000000001,203.7452062857944,-1.661626613663435,1,0.560406852544703,5,3,10,34
front,5,600,10,knee_joint_far,knee,hip_far,workspace/plain-walk-v13/parts/front/knee.png,87.85000000000001,203.7452062857944,0,1,0.62,4,4,8,8
front,5,600,11,thigh_far,thigh,hip_far,workspace/plain-walk-v13/parts/front/thigh.png,88.2,181,0.8815897294365186,1,0.8749191923661428,7,3,14,32
front,5,600,12,ankle_joint_far,ankle,knee_far,workspace/plain-walk-v13/parts/front/ankle.png,88.305,219.43,0,1,1,3,3,6,6
front,5,600,13,foot_far,foot_toe,ankle_far,workspace/plain-walk-v13/parts/front/foot_toe.png,88.305,219.43,0.35,0.87,0.87,5,2,10,13
front,5,600,14,hip_joint_near,hip,root,workspace/plain-walk-v13/parts/front/hip.png,105.2,181,0,1,1,4,4,8,8
front,5,600,15,thigh_near,thigh,hip_near,workspace/plain-walk-v13/parts/front/thigh.png,105.2,181,-0.954744952931794,1,0.8078859515461511,7,3,14,32
front,5,600,16,knee_joint_near,knee,hip_near,workspace/plain-walk-v13/parts/front/knee.png,105.55,202.00211857020633,0,1,0.7862946814891674,4,4,8,8
front,5,600,17,shin_near,shin,knee_near,workspace/plain-walk-v13/parts/front/shin.png,105.55,202.00211857020633,0.5345845847368509,1,0.9378222998240788,5,3,10,34
front,5,600,18,ankle_joint_near,ankle,knee_near,workspace/plain-walk-v13/parts/front/ankle.png,105.305,228.26,0,1,1,3,3,6,6
front,5,600,19,foot_near,foot,ankle_near,workspace/plain-walk-v13/parts/front/foot.png,105.305,228.26,0.35,0.98,0.98,6,2,12,15
front,5,600,20,neck,neck,cervical,workspace/plain-walk-v13/parts/front/neck.png,96.7,129.5,0.315,1,1,4.5,5,9,10
front,5,600,21,upper_body,upper_body,waist,workspace/plain-walk-v13/parts/front/upper_body.png,96.7,161.5,0.315,1,1,17,32,34,34
front,5,600,22,shoulder_joint_far,shoulder,thorax,workspace/plain-walk-v13/parts/front/shoulder.png,84.31839073805534,139.93160293196257,0,1,1,3.5,3.5,7,7
front,5,600,23,upper_arm_far,upper_arm,shoulder_far,workspace/plain-walk-v13/parts/front/upper_arm.png,84.31839073805534,139.93160293196257,11.18564219213003,1,0.9801334790897589,4.5,3,9,28
front,5,600,24,elbow_joint_far,elbow,shoulder_far,workspace/plain-walk-v13/parts/front/elbow.png,80.13542845013572,161.08492557226705,0,1,1,3,3,6,6
front,5,600,25,forearm_far,forearm,elbow_far,workspace/plain-walk-v13/parts/front/forearm.png,80.13542845013572,161.08492557226705,21.253087427181693,1,0.5612343755783663,3.5,3,7,23
front,5,600,26,wrist_joint_far,wrist,elbow_far,workspace/plain-walk-v13/parts/front/wrist.png,76.67693362447257,169.97701174888914,0,1,1,2.5,2.5,5,5
front,5,600,27,hand_far,hand,wrist_far,workspace/plain-walk-v13/parts/front/hand.png,76.67693362447257,169.97701174888914,-0.2200000000000002,1,0.838670567945424,4,2,8,9
front,5,600,28,head,head,neck,workspace/plain-walk-v13/parts/front/head.png,96.7,125.5,0,1,1,34,62,68,65
front,6,720,0,waist_joint,waist,root,workspace/plain-walk-v13/parts/front/waist.png,96,160,0,1,1,9,5,18,10
front,6,720,1,lower_body,lower_body,root,workspace/plain-walk-v13/parts/front/lower_body.png,96,160,-0.8,1,1,15,-2,30,26
front,6,720,2,hip_joint_near,hip,root,workspace/plain-walk-v13/parts/front/hip.png,104.5,179.5,0,1,1,4,4,8,8
front,6,720,3,shin_near,shin,knee_near,workspace/plain-walk-v13/parts/front/shin.png,104.85,201.88197466046907,0.8390688750480689,1,0.853592434834812,5,3,10,34
front,6,720,4,knee_joint_near,knee,hip_near,workspace/plain-walk-v13/parts/front/knee.png,104.85,201.88197466046907,0,1,0.9165501776911714,4,4,8,8
front,6,720,5,thigh_near,thigh,hip_near,workspace/plain-walk-v13/parts/front/thigh.png,104.5,179.5,-0.8958945215524488,1,0.8609504257816868,7,3,14,32
front,6,720,6,ankle_joint_near,ankle,knee_near,workspace/plain-walk-v13/parts/front/ankle.png,104.5,225.78,0,1,1,3,3,6,6
front,6,720,7,foot_near,foot,ankle_near,workspace/plain-walk-v13/parts/front/foot.png,104.5,225.78,0,0.94,0.94,6,2,12,15
front,6,720,8,hip_joint_far,hip,root,workspace/plain-walk-v13/parts/front/hip.png,87.5,179.5,0,1,1,4,4,8,8
front,6,720,9,thigh_far,thigh,hip_far,workspace/plain-walk-v13/parts/front/thigh.png,87.5,179.5,1.1837147442128,1,0.6516301444851653,7,3,14,32
front,6,720,10,knee_joint_far,knee,hip_far,workspace/plain-walk-v13/parts/front/knee.png,87.15,196.43876817706612,0,1,0.62,4,4,8,8
front,6,720,11,shin_far,shin,knee_far,workspace/plain-walk-v13/parts/front/shin.png,87.15,196.43876817706612,-0.793167118619242,1,0.9029876590259802,5,3,10,34
front,6,720,12,ankle_joint_far,ankle,knee_far,workspace/plain-walk-v13/parts/front/ankle.png,87.5,221.72,0,1,1,3,3,6,6
front,6,720,13,foot_far,foot_heel,ankle_far,workspace/plain-walk-v13/parts/front/foot_heel.png,87.5,221.72,0,0.94,0.94,6,2,12,14
front,6,720,14,neck,neck,cervical,workspace/plain-walk-v13/parts/front/neck.png,96,128,0,1,1,4.5,5,9,10
front,6,720,15,upper_body,upper_body,waist,workspace/plain-walk-v13/parts/front/upper_body.png,96,160,0,1,1,17,32,34,34
front,6,720,16,shoulder_joint_far,shoulder,thorax,workspace/plain-walk-v13/parts/front/shoulder.png,83.5,138.5,0,1,1,3.5,3.5,7,7
front,6,720,17,upper_arm_far,upper_arm,shoulder_far,workspace/plain-walk-v13/parts/front/upper_arm.png,83.5,138.5,10.416909228580609,1,1.0132999216974006,4.5,3,9,28
front,6,720,18,elbow_joint_far,elbow,shoulder_far,workspace/plain-walk-v13/parts/front/elbow.png,79.4692884429018,160.4251750802237,0,1,1,3,3,6,6
front,6,720,19,forearm_far,forearm,elbow_far,workspace/plain-walk-v13/parts/front/forearm.png,79.4692884429018,160.4251750802237,14.01843322851677,1,0.8083773602629334,3.5,3,7,23
front,6,720,20,wrist_joint_far,wrist,elbow_far,workspace/plain-walk-v13/parts/front/wrist.png,76.14040760997398,173.7583114649392,0,1,1,2.5,2.5,5,5
front,6,720,21,hand_far,hand,wrist_far,workspace/plain-walk-v13/parts/front/hand.png,76.14040760997398,173.7583114649392,-1.3000000000000003,1,0.9455185755993168,4,2,8,9
front,6,720,22,shoulder_joint_near,shoulder,thorax,workspace/plain-walk-v13/parts/front/shoulder.png,108.5,138.5,0,1,1,3.5,3.5,7,7
front,6,720,23,upper_arm_near,upper_arm,shoulder_near,workspace/plain-walk-v13/parts/front/upper_arm.png,108.5,138.5,-10.276522837234163,-1,1.0191656420425677,4.5,3,9,28
front,6,720,24,elbow_joint_near,elbow,shoulder_near,workspace/plain-walk-v13/parts/front/elbow.png,112.5,160.5619610475882,0,1,1,3,3,6,6
front,6,720,25,forearm_near,forearm,elbow_near,workspace/plain-walk-v13/parts/front/forearm.png,112.5,160.5619610475882,-11.17700511103448,-1,0.9509516921006106,3.5,3,7,23
front,6,720,26,wrist_joint_near,wrist,elbow_near,workspace/plain-walk-v13/parts/front/wrist.png,115.63366247800296,176.4215163805369,0,1,1,2.5,2.5,5,5
front,6,720,27,hand_near,hand,wrist_near,workspace/plain-walk-v13/parts/front/hand.png,115.63366247800296,176.4215163805369,1.48,-1,0.9986295347545738,4,2,8,9
front,6,720,28,head,head,neck,workspace/plain-walk-v13/parts/front/head.png,96,124,0,1,1,34,62,68,65
front,7,840,0,hip_joint_near,hip,root,workspace/plain-walk-v13/parts/front/hip.png,103.8,178,0,1,1,4,4,8,8
front,7,840,1,shin_near,shin,knee_near,workspace/plain-walk-v13/parts/front/shin.png,104.14999999999999,202.91352935974567,1.1242001659087748,1,0.8282476628457264,5,3,10,34
front,7,840,2,knee_joint_near,knee,hip_near,workspace/plain-walk-v13/parts/front/knee.png,104.14999999999999,202.91352935974567,0,1,0.8427267350040312,4,4,8,8
front,7,840,3,thigh_near,thigh,hip_near,workspace/plain-walk-v13/parts/front/thigh.png,103.8,178,-0.8048720605678532,1,0.9583072208457024,7,3,14,32
front,7,840,4,ankle_joint_near,ankle,knee_near,workspace/plain-walk-v13/parts/front/ankle.png,103.695,226.1,0,1,1,3,3,6,6
front,7,840,5,foot_near,foot_toe,ankle_near,workspace/plain-walk-v13/parts/front/foot_toe.png,103.695,226.1,-0.35,0.9,0.9,5,2,10,13
front,7,840,6,shoulder_joint_far,shoulder,thorax,workspace/plain-walk-v13/parts/front/shoulder.png,82.68198708178647,137.06904691816538,0,1,1,3.5,3.5,7,7
front,7,840,7,upper_arm_far,upper_arm,shoulder_far,workspace/plain-walk-v13/parts/front/upper_arm.png,82.68198708178647,137.06904691816538,10.317976231133958,1,1.0151151445585673,4.5,3,9,28
front,7,840,8,elbow_joint_far,elbow,shoulder_far,workspace/plain-walk-v13/parts/front/elbow.png,78.68198708178647,159.04043827712775,0,1,1,3,3,6,6
front,7,840,9,forearm_far,forearm,elbow_far,workspace/plain-walk-v13/parts/front/forearm.png,78.68198708178647,159.04043827712775,10.366058947283534,1,0.9774686798236019,3.5,3,7,23
front,7,840,10,wrist_joint_far,wrist,elbow_far,workspace/plain-walk-v13/parts/front/wrist.png,75.69198872255345,175.3861875900903,0,1,1,2.5,2.5,5,5
front,7,840,11,hand_far,hand,wrist_far,workspace/plain-walk-v13/parts/front/hand.png,75.69198872255345,175.3861875900903,-2.2,1,0.9993908270190958,4,2,8,9
front,7,840,12,waist_joint,waist,root,workspace/plain-walk-v13/parts/front/waist.png,95.3,158.5,0,1,1,9,5,18,10
front,7,840,13,lower_body,lower_body,root,workspace/plain-walk-v13/parts/front/lower_body.png,95.3,158.5,-0.5,1,1,15,-2,30,26
front,7,840,14,hip_joint_far,hip,root,workspace/plain-walk-v13/parts/front/hip.png,86.8,178,0,1,1,4,4,8,8
front,7,840,15,thigh_far,thigh,hip_far,workspace/plain-walk-v13/parts/front/thigh.png,86.8,178,0.8936993876296284,1,0.8630649484887313,7,3,14,32
front,7,840,16,knee_joint_far,knee,hip_far,workspace/plain-walk-v13/parts/front/knee.png,86.45,200.43695895591608,0,1,0.9602116088195735,4,4,8,8
front,7,840,17,shin_far,shin,knee_far,workspace/plain-walk-v13/parts/front/shin.png,86.45,200.43695895591608,-0.5491144880643839,1,0.9130076812644327,5,3,10,34
front,7,840,18,ankle_joint_far,ankle,knee_far,workspace/plain-walk-v13/parts/front/ankle.png,86.695,226,0,1,1,3,3,6,6
front,7,840,19,foot_far,foot_swing,ankle_far,workspace/plain-walk-v13/parts/front/foot_swing.png,86.695,226,-0.35,1,1,6,2,12,14
front,7,840,20,neck,neck,cervical,workspace/plain-walk-v13/parts/front/neck.png,95.3,126.5,-0.315,1,1,4.5,5,9,10
front,7,840,21,upper_body,upper_body,waist,workspace/plain-walk-v13/parts/front/upper_body.png,95.3,158.5,-0.315,1,1,17,32,34,34
front,7,840,22,shoulder_joint_near,shoulder,thorax,workspace/plain-walk-v13/parts/front/shoulder.png,107.68160926194466,136.93160293196257,0,1,1,3.5,3.5,7,7
front,7,840,23,upper_arm_near,upper_arm,shoulder_near,workspace/plain-walk-v13/parts/front/upper_arm.png,107.68160926194466,136.93160293196257,-10.834170610924529,-1,0.996903706470027,4.5,3,9,28
front,7,840,24,elbow_joint_near,elbow,shoulder_near,workspace/plain-walk-v13/parts/front/elbow.png,111.80408159078951,158.47255578658738,0,1,1,3,3,6,6
front,7,840,25,forearm_near,forearm,elbow_near,workspace/plain-walk-v13/parts/front/forearm.png,111.80408159078951,158.47255578658738,-14.939824750777268,-1,0.7646036408319729,3.5,3,7,23
front,7,840,26,wrist_joint_near,wrist,elbow_near,workspace/plain-walk-v13/parts/front/wrist.png,115.15509112750267,171.0314389914588,0,1,1,2.5,2.5,5,5
front,7,840,27,hand_near,hand,wrist_near,workspace/plain-walk-v13/parts/front/hand.png,115.15509112750267,171.0314389914588,0.40000000000000036,-1,0.9510565162951535,4,2,8,9
front,7,840,28,head,head,neck,workspace/plain-walk-v13/parts/front/head.png,95.3,122.5,0,1,1,34,62,68,65
down_right,0,0,0,hip_joint_far,hip,root,workspace/plain-walk-v13/parts/down_right/hip.png,101.51543289325508,178.41812662478458,0,1,1,4,4,8,8
down_right,0,0,1,shin_far,shin,knee_far,workspace/plain-walk-v13/parts/down_right/shin.png,97.62000655757979,201.60032632068638,36.90820974161399,1,0.7775888338271688,5,3,10,34
down_right,0,0,2,knee_joint_far,knee,hip_far,workspace/plain-walk-v13/parts/down_right/knee.png,97.62000655757979,201.60032632068638,0,1,0.838348898411614,4,4,8,8
down_right,0,0,3,thigh_far,thigh,hip_far,workspace/plain-walk-v13/parts/down_right/thigh.png,101.51543289325508,178.41812662478458,9.538599057454155,1,0.9041233037253622,7,3,14,32
down_right,0,0,4,ankle_joint_far,ankle,knee_far,workspace/plain-walk-v13/parts/down_right/ankle.png,84.54487014477795,219.0095771106801,0,1,1,3,3,6,6
down_right,0,0,5,foot_far,foot_toe,ankle_far,workspace/plain-walk-v13/parts/down_right/foot_toe.png,84.54487014477795,219.0095771106801,1.9798989873223332,0.9655285444171559,0.9655285444171559,6.5,2,15,17
down_right,0,0,6,shoulder_joint_far,shoulder,thorax,workspace/plain-walk-v13/parts/down_right/shoulder.png,106.99527816782077,140.27757398398091,0,0.72,0.72,3.5,3.5,7,7
down_right,0,0,7,upper_arm_far,upper_arm,shoulder_far,workspace/plain-walk-v13/parts/down_right/upper_arm.png,106.99527816782077,140.27757398398091,-19.305258465700877,-1,1.0020118009867434,4.5,3,9,28
down_right,0,0,8,elbow_joint_far,elbow,shoulder_far,workspace/plain-walk-v13/parts/down_right/elbow.png,114.28313268662356,161.08229841815805,0,1,1,3,3,6,6
down_right,0,0,9,forearm_far,forearm,elbow_far,workspace/plain-walk-v13/parts/down_right/forearm.png,114.28313268662356,161.08229841815805,-54.94932087256563,-1,0.8920333845422045,3.5,3,7,23
down_right,0,0,10,wrist_joint_far,wrist,elbow_far,workspace/plain-walk-v13/parts/down_right/wrist.png,126.69752075861005,169.79132117556026,0,1,1,2.5,2.5,5,5
down_right,0,0,11,hand_far,hand,wrist_far,workspace/plain-walk-v13/parts/down_right/hand.png,126.69752075861005,169.79132117556026,-23.43351872852218,-1,0.885922864589235,4,2,8,9
down_right,0,0,12,shoulder_joint_near,shoulder,thorax,workspace/plain-walk-v13/parts/down_right/shoulder.png,85.97699463206398,140.75898566906417,0,0.72,0.72,3.5,3.5,7,7
down_right,0,0,13,waist_joint,waist,root,workspace/plain-walk-v13/parts/down_right/waist.png,95.50502525316942,160,0,1,1,9,5,18,10
down_right,0,0,14,lower_body,lower_body,root,workspace/plain-walk-v13/parts/down_right/lower_body.png,95.50502525316942,160,0,1,1,14,-2,28,26
down_right,0,0,15,hip_joint_near,hip,root,workspace/plain-walk-v13/parts/down_right/hip.png,89.49461761308376,180.58187337521542,0,1,1,4,4,8,8
down_right,0,0,16,thigh_near,thigh,hip_near,workspace/plain-walk-v13/parts/down_right/thigh.png,89.49461761308376,180.58187337521542,-19.986419753709477,1,0.9213119557748135,7,3,14,32
down_right,0,0,17,knee_joint_near,knee,hip_near,workspace/plain-walk-v13/parts/down_right/knee.png,97.68207060698724,203.09331580109438,0,1,0.9623167300422261,4,4,8,8
down_right,0,0,18,shin_near,shin,knee_near,workspace/plain-walk-v13/parts/down_right/shin.png,97.68207060698724,203.09331580109438,-14.905333647156626,1,0.9249611428909376,5,3,10,34
down_right,0,0,19,ankle_joint_near,ankle,knee_near,workspace/plain-walk-v13/parts/down_right/ankle.png,104.34386001800127,228.12078480369348,0,1,1,3,3,6,6
down_right,0,0,20,foot_near,foot_heel,ankle_near,workspace/plain-walk-v13/parts/down_right/foot_heel.png,104.34386001800127,228.12078480369348,-1.3859292911256331,1.0312894750675048,1.0312894750675048,5,2,17,15
down_right,0,0,21,neck,neck,cervical,workspace/plain-walk-v13/parts/down_right/neck.png,95.57251701876936,134.26934593336438,-9.090276920822323,0.875,1.6658988901172165,4,5,8,10
down_right,0,0,22,upper_body,upper_body,waist,workspace/plain-walk-v13/parts/down_right/upper_body.png,95.50502525316942,160,1.414213562373095,1,1,16,32,32,34
down_right,0,0,23,upper_arm_near,upper_arm,shoulder_near,workspace/plain-walk-v13/parts/down_right/upper_arm.png,85.97699463206398,140.75898566906417,18.321479075498114,1,1.029017354566269,4.5,3,9,28
down_right,0,0,24,elbow_joint_near,elbow,shoulder_near,workspace/plain-walk-v13/parts/down_right/elbow.png,78.86065655149415,162.24977585617307,0,1,1,3,3,6,6
down_right,0,0,25,forearm_near,forearm,elbow_near,workspace/plain-walk-v13/parts/down_right/forearm.png,78.86065655149415,162.24977585617307,6.614221942968861,1,1.00670039109758,3.5,3,7,23
down_right,0,0,26,wrist_joint_near,wrist,elbow_near,workspace/plain-walk-v13/parts/down_right/wrist.png,76.88941309138832,179.24977585617307,0,1,1,2.5,2.5,5,5
down_right,0,0,27,hand_near,hand,wrist_near,workspace/plain-walk-v13/parts/down_right/hand.png,76.88941309138832,179.24977585617307,3.846660889654818,1,0.9931184854131231,4,2,8,9
down_right,0,0,28,head,head,neck,workspace/plain-walk-v13/parts/down_right/head.png,94.57251701876936,128.01934593336438,0,1,1,26,60,64,65
down_right,1,120,0,hip_joint_far,hip,root,workspace/plain-walk-v13/parts/down_right/hip.png,101.51543289325508,178.91812662478458,0,1,1,4,4,8,8
down_right,1,120,1,shin_far,shin,knee_far,workspace/plain-walk-v13/parts/down_right/shin.png,109.11548155545078,202.37156549649325,52.51849275587106,1,0.7239319894090427,5,3,10,34
down_right,1,120,2,knee_joint_far,knee,hip_far,workspace/plain-walk-v13/parts/down_right/knee.png,109.11548155545078,202.37156549649325,0,1,0.62,4,4,8,8
down_right,1,120,3,thigh_far,thigh,hip_far,workspace/plain-walk-v13/parts/down_right/thigh.png,101.51543289325508,178.91812662478458,-17.95483243481582,1,0.9482345278400509,7,3,14,32
down_right,1,120,4,ankle_joint_far,ankle,knee_far,workspace/plain-walk-v13/parts/down_right/ankle.png,93.03015151901651,214.70602687290273,0,1,1,3,3,6,6
down_right,1,120,5,foot_far,foot_toe,ankle_far,workspace/plain-walk-v13/parts/down_right/foot_toe.png,93.03015151901651,214.70602687290273,2.1778888860545664,0.9782564664785136,0.9782564664785136,6.5,2,15,17
down_right,1,120,6,shoulder_joint_far,shoulder,thorax,workspace/plain-walk-v13/parts/down_right/shoulder.png,106.99527816782077,140.77757398398091,0,0.72,0.72,3.5,3.5,7,7
down_right,1,120,7,upper_arm_far,upper_arm,shoulder_far,workspace/plain-walk-v13/parts/down_right/upper_arm.png,106.99527816782077,140.77757398398091,-16.23826871230196,-1,1.0065401142088821,4.5,3,9,28
down_right,1,120,8,elbow_joint_far,elbow,shoulder_far,workspace/plain-walk-v13/parts/down_right/elbow.png,113.18742602929069,162.0380734511459,0,1,1,3,3,6,6
down_right,1,120,9,forearm_far,forearm,elbow_far,workspace/plain-walk-v13/parts/down_right/forearm.png,113.18742602929069,162.0380734511459,-52.870612439911284,-1,0.897954071619321,3.5,3,7,23
down_right,1,120,10,wrist_joint_far,wrist,elbow_far,workspace/plain-walk-v13/parts/down_right/wrist.png,125.35799502111632,171.2524192322859,0,1,1,2.5,2.5,5,5
down_right,1,120,11,hand_far,hand,wrist_far,workspace/plain-walk-v13/parts/down_right/hand.png,125.35799502111632,171.2524192322859,-23.178960287295023,-1,0.885922864589235,4,2,8,9
down_right,1,120,12,shoulder_joint_near,shoulder,thorax,workspace/plain-walk-v13/parts/down_right/shoulder.png,85.97699463206398,141.25898566906417,0,0.72,0.72,3.5,3.5,7,7
down_right,1,120,13,waist_joint,waist,root,workspace/plain-walk-v13/parts/down_right/waist.png,95.50502525316942,160.5,0,1,1,9,5,18,10
down_right,1,120,14,lower_body,lower_body,root,workspace/plain-walk-v13/parts/down_right/lower_body.png,95.50502525316942,160.5,0.3535533905932738,1,1,14,-2,28,26
down_right,1,120,15,hip_joint_near,hip,root,workspace/plain-walk-v13/parts/down_right/hip.png,89.49461761308376,181.08187337521542,0,1,1,4,4,8,8
down_right,1,120,16,thigh_near,thigh,hip_near,workspace/plain-walk-v13/parts/down_right/thigh.png,89.49461761308376,181.08187337521542,-24.312556907808396,1,0.8918422695423318,7,3,14,32
down_right,1,120,17,knee_joint_near,knee,hip_near,workspace/plain-walk-v13/parts/down_right/knee.png,99.04140238241874,202.21330874950715,0,1,0.7862946814891674,4,4,8,8
down_right,1,120,18,shin_near,shin,knee_near,workspace/plain-walk-v13/parts/down_right/shin.png,99.04140238241874,202.21330874950715,5.932342593968651,1,0.855491320830188,5,3,10,34
down_right,1,120,19,ankle_joint_near,ankle,knee_near,workspace/plain-walk-v13/parts/down_right/ankle.png,96.56568542494924,226.0387845927903,0,1,1,3,3,6,6
down_right,1,120,20,foot_near,foot,ankle_near,workspace/plain-walk-v13/parts/down_right/foot.png,96.56568542494924,226.0387845927903,0,1.0196222131779267,1.0196222131779267,5.5,2,17,16
down_right,1,120,21,neck,neck,cervical,workspace/plain-walk-v13/parts/down_right/neck.png,95.57251701876936,134.76934593336438,-9.090276920822323,0.875,1.6658988901172165,4,5,8,10
down_right,1,120,22,upper_body,upper_body,waist,workspace/plain-walk-v13/parts/down_right/upper_body.png,95.50502525316942,160.5,1.414213562373095,1,1,16,32,32,34
down_right,1,120,23,upper_arm_near,upper_arm,shoulder_near,workspace/plain-walk-v13/parts/down_right/upper_arm.png,85.97699463206398,141.25898566906417,15.55666590948384,1,1.0275525494978648,4.5,3,9,28
down_right,1,120,24,elbow_joint_near,elbow,shoulder_near,workspace/plain-walk-v13/parts/down_right/elbow.png,79.91422064508343,163.03698063418665,0,1,1,3,3,6,6
down_right,1,120,25,forearm_near,forearm,elbow_near,workspace/plain-walk-v13/parts/down_right/forearm.png,79.91422064508343,163.03698063418665,5.401538314913732,1,1.0018654594840126,3.5,3,7,23
down_right,1,120,26,wrist_joint_near,wrist,elbow_near,workspace/plain-walk-v13/parts/down_right/wrist.png,78.31093963082058,179.99306306125274,0,1,1,2.5,2.5,5,5
down_right,1,120,27,hand_near,hand,wrist_near,workspace/plain-walk-v13/parts/down_right/hand.png,78.31093963082058,179.99306306125274,4.101219330881975,1,0.9931184854131231,4,2,8,9
down_right,1,120,28,head,head,neck,workspace/plain-walk-v13/parts/down_right/head.png,94.57251701876936,128.51934593336438,0,1,1,26,60,64,65
down_right,2,240,0,hip_joint_far,hip,root,workspace/plain-walk-v13/parts/down_right/hip.png,102.01040764008566,175.41812662478458,0,1,1,4,4,8,8
down_right,2,240,1,thigh_far,thigh,hip_far,workspace/plain-walk-v13/parts/down_right/thigh.png,102.01040764008566,175.41812662478458,-38.17061805844789,1,0.8481063460298911,7,3,14,32
down_right,2,240,2,knee_joint_far,knee,hip_far,workspace/plain-walk-v13/parts/down_right/knee.png,115.63789766336699,192.75386291167072,0,1,0.62,4,4,8,8
down_right,2,240,3,shin_far,shin,knee_far,workspace/plain-walk-v13/parts/down_right/shin.png,115.63789766336699,192.75386291167072,19.15979844212387,1,0.7903980254203188,5,3,10,34
down_right,2,240,4,ankle_joint_far,ankle,knee_far,workspace/plain-walk-v13/parts/down_right/ankle.png,108.37436867076458,213.65909462114675,0,1,1,3,3,6,6
down_right,2,240,5,foot_far,foot_swing,ankle_far,workspace/plain-walk-v13/parts/down_right/foot_swing.png,108.37436867076458,213.65909462114675,-0.5939696961966999,1.0005303300858899,1.0005303300858899,4,2,17,16
down_right,2,240,6,shoulder_joint_far,shoulder,thorax,workspace/plain-walk-v13/parts/down_right/shoulder.png,107.49025291465135,137.27757398398091,0,0.72,0.72,3.5,3.5,7,7
down_right,2,240,7,upper_arm_far,upper_arm,shoulder_far,workspace/plain-walk-v13/parts/down_right/upper_arm.png,107.49025291465135,137.27757398398091,-8.789980161017013,-1,1.0092703723918959,4.5,3,9,28
down_right,2,240,8,elbow_joint_far,elbow,shoulder_far,workspace/plain-walk-v13/parts/down_right/elbow.png,110.88330514680587,159.22073947783116,0,1,1,3,3,6,6
down_right,2,240,9,forearm_far,forearm,elbow_far,workspace/plain-walk-v13/parts/down_right/forearm.png,110.88330514680587,159.22073947783116,-33.802791678492795,-1,0.9596218533003221,3.5,3,7,23
down_right,2,240,10,wrist_joint_far,wrist,elbow_far,workspace/plain-walk-v13/parts/down_right/wrist.png,119.95913395613556,172.7766218433785,0,1,1,2.5,2.5,5,5
down_right,2,240,11,hand_far,hand,wrist_far,workspace/plain-walk-v13/parts/down_right/hand.png,119.95913395613556,172.7766218433785,-12.51579002700189,-1,0.9614758153575746,4,2,8,9
down_right,2,240,12,shoulder_joint_near,shoulder,thorax,workspace/plain-walk-v13/parts/down_right/shoulder.png,86.47196937889456,137.75898566906417,0,0.72,0.72,3.5,3.5,7,7
down_right,2,240,13,waist_joint,waist,root,workspace/plain-walk-v13/parts/down_right/waist.png,96,157,0,1,1,9,5,18,10
down_right,2,240,14,lower_body,lower_body,root,workspace/plain-walk-v13/parts/down_right/lower_body.png,96,157,0.5656854249492381,1,1,14,-2,28,26
down_right,2,240,15,hip_joint_near,hip,root,workspace/plain-walk-v13/parts/down_right/hip.png,89.98959235991434,177.58187337521542,0,1,1,4,4,8,8
down_right,2,240,16,shin_near,shin,knee_near,workspace/plain-walk-v13/parts/down_right/shin.png,91.79939131007062,200.8102695605806,7.690976276813851,1,0.8603691940189844,5,3,10,34
down_right,2,240,17,knee_joint_near,knee,hip_near,workspace/plain-walk-v13/parts/down_right/knee.png,91.79939131007062,200.8102695605806,0,1,0.9165501776911714,4,4,8,8
down_right,2,240,18,thigh_near,thigh,hip_near,workspace/plain-walk-v13/parts/down_right/thigh.png,89.98959235991434,177.58187337521542,-4.4550979034928,1,0.8961074282995648,7,3,14,32
down_right,2,240,19,ankle_joint_near,ankle,knee_near,workspace/plain-walk-v13/parts/down_right/ankle.png,88.57537879754125,224.68389728935875,0,1,1,3,3,6,6
down_right,2,240,20,foot_near,foot,ankle_near,workspace/plain-walk-v13/parts/down_right/foot.png,88.57537879754125,224.68389728935875,0,1.0068942911165688,1.0068942911165688,5.5,2,17,16
down_right,2,240,21,neck,neck,cervical,workspace/plain-walk-v13/parts/down_right/neck.png,96.06749176559994,131.26934593336438,-9.090276920822323,0.875,1.6658988901172165,4,5,8,10
down_right,2,240,22,upper_body,upper_body,waist,workspace/plain-walk-v13/parts/down_right/upper_body.png,96,157,1.414213562373095,1,1,16,32,32,34
down_right,2,240,23,upper_arm_near,upper_arm,shoulder_near,workspace/plain-walk-v13/parts/down_right/upper_arm.png,86.47196937889456,137.75898566906417,9.386626115634236,1,1.0151831438973993,4.5,3,9,28
down_right,2,240,24,elbow_joint_near,elbow,shoulder_near,workspace/plain-walk-v13/parts/down_right/elbow.png,82.82938584384448,159.79396794648912,0,1,1,3,3,6,6
down_right,2,240,25,forearm_near,forearm,elbow_near,workspace/plain-walk-v13/parts/down_right/forearm.png,82.82938584384448,159.79396794648912,-4.647433007272598,1,0.9428657222026051,3.5,3,7,23
down_right,2,240,26,wrist_joint_near,wrist,elbow_near,workspace/plain-walk-v13/parts/down_right/wrist.png,84.12809811131953,175.76998509741102,0,1,1,2.5,2.5,5,5
down_right,2,240,27,hand_near,hand,wrist_near,workspace/plain-walk-v13/parts/down_right/hand.png,84.12809811131953,175.76998509741102,-3.167838379715733,1,0.9990309347315787,4,2,8,9
down_right,2,240,28,head,head,neck,workspace/plain-walk-v13/parts/down_right/head.png,95.06749176559994,125.01934593336438,0,1,1,26,60,64,65
down_right,3,360,0,hip_joint_far,hip,root,workspace/plain-walk-v13/parts/down_right/hip.png,102.50538238691624,176.91812662478458,0,1,1,4,4,8,8
down_right,3,360,1,thigh_far,thigh,hip_far,workspace/plain-walk-v13/parts/down_right/thigh.png,102.50538238691624,176.91812662478458,-21.64705692966022,1,0.8941688464242711,7,3,14,32
down_right,3,360,2,knee_joint_far,knee,hip_far,workspace/plain-walk-v13/parts/down_right/knee.png,111.0814356967602,198.52689677826012,0,1,0.9602116088195735,4,4,8,8
down_right,3,360,3,shin_far,shin,knee_far,workspace/plain-walk-v13/parts/down_right/shin.png,111.0814356967602,198.52689677826012,-16.142181972889198,1,0.896678519387577,5,3,10,34
down_right,3,360,4,ankle_joint_far,ankle,knee_far,workspace/plain-walk-v13/parts/down_right/ankle.png,118.06173157302028,222.64404514432212,0,1,1,3,3,6,6
down_right,3,360,5,foot_far,foot_swing,ankle_far,workspace/plain-walk-v13/parts/down_right/foot_swing.png,118.06173157302028,222.64404514432212,-1.1879393923933999,1.0143189123190275,1.0143189123190275,4,2,17,16
down_right,3,360,6,shoulder_joint_far,shoulder,thorax,workspace/plain-walk-v13/parts/down_right/shoulder.png,107.98522766148193,138.77757398398091,0,0.72,0.72,3.5,3.5,7,7
down_right,3,360,7,upper_arm_far,upper_arm,shoulder_far,workspace/plain-walk-v13/parts/down_right/upper_arm.png,107.98522766148193,138.77757398398091,-0.3327845339616837,-1,0.9946475545113707,4.5,3,9,28
down_right,3,360,8,elbow_joint_far,elbow,shoulder_far,workspace/plain-walk-v13/parts/down_right/elbow.png,108.11232309891071,160.65945108523488,0,1,1,3,3,6,6
down_right,3,360,9,forearm_far,forearm,elbow_far,workspace/plain-walk-v13/parts/down_right/forearm.png,108.11232309891071,160.65945108523488,-15.685951944527764,-1,1.0037686257207221,3.5,3,7,23
down_right,3,360,10,wrist_joint_far,wrist,elbow_far,workspace/plain-walk-v13/parts/down_right/wrist.png,112.72583924436942,177.0880188553169,0,1,1,2.5,2.5,5,5
down_right,3,360,11,hand_far,hand,wrist_far,workspace/plain-walk-v13/parts/down_right/hand.png,112.72583924436942,177.0880188553169,0.1414213562373099,-1,0.999569249654287,4,2,8,9
down_right,3,360,12,shoulder_joint_near,shoulder,thorax,workspace/plain-walk-v13/parts/down_right/shoulder.png,86.96694412572513,139.25898566906417,0,0.72,0.72,3.5,3.5,7,7
down_right,3,360,13,waist_joint,waist,root,workspace/plain-walk-v13/parts/down_right/waist.png,96.49497474683058,158.5,0,1,1,9,5,18,10
down_right,3,360,14,lower_body,lower_body,root,workspace/plain-walk-v13/parts/down_right/lower_body.png,96.49497474683058,158.5,0.3535533905932738,1,1,14,-2,28,26
down_right,3,360,15,hip_joint_near,hip,root,workspace/plain-walk-v13/parts/down_right/hip.png,90.48456710674492,179.08187337521542,0,1,1,4,4,8,8
down_right,3,360,16,shin_near,shin,knee_near,workspace/plain-walk-v13/parts/down_right/shin.png,89.85687996780112,202.18109884505526,26.739440608313117,1,0.7920937662812503,5,3,10,34
down_right,3,360,17,knee_joint_near,knee,hip_near,workspace/plain-walk-v13/parts/down_right/knee.png,89.85687996780112,202.18109884505526,0,1,0.8427267350040312,4,4,8,8
down_right,3,360,18,thigh_near,thigh,hip_near,workspace/plain-walk-v13/parts/down_right/thigh.png,90.48456710674492,179.08187337521542,1.556544655065521,1,0.8887596972655598,7,3,14,32
down_right,3,360,19,ankle_joint_near,ankle,knee_near,workspace/plain-walk-v13/parts/down_right/ankle.png,79.8779653889467,221.98798378287205,0,1,1,3,3,6,6
down_right,3,360,20,foot_near,foot_toe,ankle_near,workspace/plain-walk-v13/parts/down_right/foot_toe.png,79.8779653889467,221.98798378287205,0.7919595949289332,0.9931057088834312,0.9931057088834312,6.5,2,15,17
down_right,3,360,21,neck,neck,cervical,workspace/plain-walk-v13/parts/down_right/neck.png,96.56246651243052,132.76934593336438,-9.090276920822323,0.875,1.6658988901172165,4,5,8,10
down_right,3,360,22,upper_body,upper_body,waist,workspace/plain-walk-v13/parts/down_right/upper_body.png,96.49497474683058,158.5,1.414213562373095,1,1,16,32,32,34
down_right,3,360,23,upper_arm_near,upper_arm,shoulder_near,workspace/plain-walk-v13/parts/down_right/upper_arm.png,86.96694412572513,139.25898566906417,1.9874780198078204,1,0.9829865840834291,4.5,3,9,28
down_right,3,360,24,elbow_joint_near,elbow,shoulder_near,workspace/plain-walk-v13/parts/down_right/elbow.png,86.21694134259273,160.87168115291092,0,1,1,3,3,6,6
down_right,3,360,25,forearm_near,forearm,elbow_near,workspace/plain-walk-v13/parts/down_right/forearm.png,86.21694134259273,160.87168115291092,-21.451768898773118,1,0.8092434065450549,3.5,3,7,23
down_right,3,360,26,wrist_joint_near,wrist,elbow_near,workspace/plain-walk-v13/parts/down_right/wrist.png,91.24817264536954,173.67580373462457,0,1,1,2.5,2.5,5,5
down_right,3,360,27,hand_near,hand,wrist_near,workspace/plain-walk-v13/parts/down_right/hand.png,91.24817264536954,173.67580373462457,-13.010764773832474,1,0.9653917307774098,4,2,8,9
down_right,3,360,28,head,head,neck,workspace/plain-walk-v13/parts/down_right/head.png,95.56246651243052,126.51934593336438,0,1,1,26,60,64,65
down_right,4,480,0,hip_joint_far,hip,root,workspace/plain-walk-v13/parts/down_right/hip.png,102.50538238691624,178.41812662478458,0,1,1,4,4,8,8
down_right,4,480,1,thigh_far,thigh,hip_far,workspace/plain-walk-v13/parts/down_right/thigh.png,102.50538238691624,178.41812662478458,-19.898759902447384,1,0.9252050169168002,7,3,14,32
down_right,4,480,2,knee_joint_far,knee,hip_far,workspace/plain-walk-v13/parts/down_right/knee.png,110.69283538081972,201.0372454414485,0,1,0.9623167300422261,4,4,8,8
down_right,4,480,3,shin_far,shin,knee_far,workspace/plain-walk-v13/parts/down_right/shin.png,110.69283538081972,201.0372454414485,-14.83624692523676,1,0.9291709597030614,5,3,10,34
down_right,4,480,4,ankle_joint_far,ankle,knee_far,workspace/plain-walk-v13/parts/down_right/ankle.png,117.35462479183374,226.18667408247373,0,1,1,3,3,6,6
down_right,4,480,5,foot_far,foot_heel,ankle_far,workspace/plain-walk-v13/parts/down_right/foot_heel.png,117.35462479183374,226.18667408247373,-1.3859292911256331,1.0132582521472477,1.0132582521472477,5,2,17,15
down_right,4,480,6,shoulder_joint_far,shoulder,thorax,workspace/plain-walk-v13/parts/down_right/shoulder.png,107.98522766148193,140.27757398398091,0,0.72,0.72,3.5,3.5,7,7
down_right,4,480,7,upper_arm_far,upper_arm,shoulder_far,workspace/plain-walk-v13/parts/down_right/upper_arm.png,107.98522766148193,140.27757398398091,3.8851089704466726,-1,0.9791041569960405,4.5,3,9,28
down_right,4,480,8,elbow_joint_far,elbow,shoulder_far,workspace/plain-walk-v13/parts/down_right/elbow.png,106.52574383040447,161.76836417108981,0,1,1,3,3,6,6
down_right,4,480,9,forearm_far,forearm,elbow_far,workspace/plain-walk-v13/parts/down_right/forearm.png,106.52574383040447,161.76836417108981,-6.614221942968861,-1,1.00670039109758,3.5,3,7,23
down_right,4,480,10,wrist_joint_far,wrist,elbow_far,workspace/plain-walk-v13/parts/down_right/wrist.png,108.49698729051029,178.76836417108981,0,1,1,2.5,2.5,5,5
down_right,4,480,11,hand_far,hand,wrist_far,workspace/plain-walk-v13/parts/down_right/hand.png,108.49698729051029,178.76836417108981,7.467047609329942,-1,0.9931184854131231,4,2,8,9
down_right,4,480,12,shoulder_joint_near,shoulder,thorax,workspace/plain-walk-v13/parts/down_right/shoulder.png,86.96694412572513,140.75898566906417,0,0.72,0.72,3.5,3.5,7,7
down_right,4,480,13,waist_joint,waist,root,workspace/plain-walk-v13/parts/down_right/waist.png,96.49497474683058,160,0,1,1,9,5,18,10
down_right,4,480,14,lower_body,lower_body,root,workspace/plain-walk-v13/parts/down_right/lower_body.png,96.49497474683058,160,0,1,1,14,-2,28,26
down_right,4,480,15,hip_joint_near,hip,root,workspace/plain-walk-v13/parts/down_right/hip.png,90.48456710674492,180.58187337521542,0,1,1,4,4,8,8
down_right,4,480,16,shin_near,shin,knee_near,workspace/plain-walk-v13/parts/down_right/shin.png,86.58914077106962,203.61739061282157,37.10088312718086,1,0.7741270844862126,5,3,10,34
down_right,4,480,17,knee_joint_near,knee,hip_near,workspace/plain-walk-v13/parts/down_right/knee.png,86.58914077106962,203.61739061282157,0,1,0.838348898411614,4,4,8,8
down_right,4,480,18,thigh_near,thigh,hip_near,workspace/plain-walk-v13/parts/down_right/thigh.png,90.48456710674492,180.58187337521542,9.598211150359905,1,0.8985601572100385,7,3,14,32
down_right,4,480,19,ankle_joint_near,ankle,knee_near,workspace/plain-walk-v13/parts/down_right/ankle.png,73.51400435826778,220.90526608228745,0,1,1,3,3,6,6
down_right,4,480,20,foot_near,foot_toe,ankle_near,workspace/plain-walk-v13/parts/down_right/foot_toe.png,73.51400435826778,220.90526608228745,1.9798989873223332,0.9835597673374128,0.9835597673374128,6.5,2,15,17
down_right,4,480,21,neck,neck,cervical,workspace/plain-walk-v13/parts/down_right/neck.png,96.56246651243052,134.26934593336438,-9.090276920822323,0.875,1.6658988901172165,4,5,8,10
down_right,4,480,22,upper_body,upper_body,waist,workspace/plain-walk-v13/parts/down_right/upper_body.png,96.49497474683058,160,1.414213562373095,1,1,16,32,32,34
down_right,4,480,23,upper_arm_near,upper_arm,shoulder_near,workspace/plain-walk-v13/parts/down_right/upper_arm.png,86.96694412572513,140.75898566906417,-3.5425144977272534,1,0.9474797134563449,4.5,3,9,28
down_right,4,480,24,elbow_joint_near,elbow,shoulder_near,workspace/plain-walk-v13/parts/down_right/elbow.png,88.25491151856964,161.5637101032413,0,1,1,3,3,6,6
down_right,4,480,25,forearm_near,forearm,elbow_near,workspace/plain-walk-v13/parts/down_right/forearm.png,88.25491151856964,161.5637101032413,-40.79849264879122,1,0.6767333807382467,3.5,3,7,23
down_right,4,480,26,wrist_joint_near,wrist,elbow_near,workspace/plain-walk-v13/parts/down_right/wrist.png,95.77193848659469,170.27273286064352,0,1,1,2.5,2.5,5,5
down_right,4,480,27,hand_near,hand,wrist_near,workspace/plain-walk-v13/parts/down_right/hand.png,95.77193848659469,170.27273286064352,-23.23552882978995,1,0.885922864589235,4,2,8,9
down_right,4,480,28,head,head,neck,workspace/plain-walk-v13/parts/down_right/head.png,95.56246651243052,128.01934593336438,0,1,1,26,60,64,65
down_right,5,600,0,hip_joint_far,hip,root,workspace/plain-walk-v13/parts/down_right/hip.png,102.50538238691624,178.91812662478458,0,1,1,4,4,8,8
down_right,5,600,1,thigh_far,thigh,hip_far,workspace/plain-walk-v13/parts/down_right/thigh.png,102.50538238691624,178.91812662478458,-24.202569990332336,1,0.8956495633937783,7,3,14,32
down_right,5,600,2,knee_joint_far,knee,hip_far,workspace/plain-walk-v13/parts/down_right/knee.png,112.05216715625122,200.15813800621845,0,1,0.7862946814891674,4,4,8,8
down_right,5,600,3,shin_far,shin,knee_far,workspace/plain-walk-v13/parts/down_right/shin.png,112.05216715625122,200.15813800621845,5.898971870173909,1,0.860313612756473,5,3,10,34
down_right,5,600,4,ankle_joint_far,ankle,knee_far,workspace/plain-walk-v13/parts/down_right/ankle.png,109.57645019878171,224.11936091292895,0,1,1,3,3,6,6
down_right,5,600,5,foot_far,foot,ankle_far,workspace/plain-walk-v13/parts/down_right/foot.png,109.57645019878171,224.11936091292895,0,1.0015909902576696,1.0015909902576696,5.5,2,17,16
down_right,5,600,6,shoulder_joint_far,shoulder,thorax,workspace/plain-walk-v13/parts/down_right/shoulder.png,107.98522766148193,140.77757398398091,0,0.72,0.72,3.5,3.5,7,7
down_right,5,600,7,upper_arm_far,upper_arm,shoulder_far,workspace/plain-walk-v13/parts/down_right/upper_arm.png,107.98522766148193,140.77757398398091,1.0678115716881422,-1,0.9900808001234566,4.5,3,9,28
down_right,5,600,8,elbow_joint_far,elbow,shoulder_far,workspace/plain-walk-v13/parts/down_right/elbow.png,107.57930792399374,162.5555689491034,0,1,1,3,3,6,6
down_right,5,600,9,forearm_far,forearm,elbow_far,workspace/plain-walk-v13/parts/down_right/forearm.png,107.57930792399374,162.5555689491034,-8.19640169587988,-1,1.0077101850860408,3.5,3,7,23
down_right,5,600,10,wrist_joint_far,wrist,elbow_far,workspace/plain-walk-v13/parts/down_right/wrist.png,110.02162974472,179.51165137616948,0,1,1,2.5,2.5,5,5
down_right,5,600,11,hand_far,hand,wrist_far,workspace/plain-walk-v13/parts/down_right/hand.png,110.02162974472,179.51165137616948,7.212489168102785,-1,0.9931184854131231,4,2,8,9
down_right,5,600,12,shoulder_joint_near,shoulder,thorax,workspace/plain-walk-v13/parts/down_right/shoulder.png,86.96694412572513,141.25898566906417,0,0.72,0.72,3.5,3.5,7,7
down_right,5,600,13,waist_joint,waist,root,workspace/plain-walk-v13/parts/down_right/waist.png,96.49497474683058,160.5,0,1,1,9,5,18,10
down_right,5,600,14,lower_body,lower_body,root,workspace/plain-walk-v13/parts/down_right/lower_body.png,96.49497474683058,160.5,-0.3535533905932738,1,1,14,-2,28,26
down_right,5,600,15,hip_joint_near,hip,root,workspace/plain-walk-v13/parts/down_right/hip.png,90.48456710674492,181.08187337521542,0,1,1,4,4,8,8
down_right,5,600,16,shin_near,shin,knee_near,workspace/plain-walk-v13/parts/down_right/shin.png,98.08461576894062,204.37652430569145,52.76491205012429,1,0.7215590143017244,5,3,10,34
down_right,5,600,17,knee_joint_near,knee,hip_near,workspace/plain-walk-v13/parts/down_right/knee.png,98.08461576894062,204.37652430569145,0,1,0.62,4,4,8,8
down_right,5,600,18,thigh_near,thigh,hip_near,workspace/plain-walk-v13/parts/down_right/thigh.png,90.48456710674492,181.08187337521542,-18.069290609093756,1,0.9424266028901217,7,3,14,32
down_right,5,600,19,ankle_joint_near,ankle,knee_near,workspace/plain-walk-v13/parts/down_right/ankle.png,81.99928573250635,216.60148761594826,0,1,1,3,3,6,6
down_right,5,600,20,foot_near,foot_toe,ankle_near,workspace/plain-walk-v13/parts/down_right/foot_toe.png,81.99928573250635,216.60148761594826,2.1778888860545664,0.9962876893987707,0.9962876893987707,6.5,2,15,17
down_right,5,600,21,neck,neck,cervical,workspace/plain-walk-v13/parts/down_right/neck.png,96.56246651243052,134.76934593336438,-9.090276920822323,0.875,1.6658988901172165,4,5,8,10
down_right,5,600,22,upper_body,upper_body,waist,workspace/plain-walk-v13/parts/down_right/upper_body.png,96.49497474683058,160.5,1.414213562373095,1,1,16,32,32,34
down_right,5,600,23,upper_arm_near,upper_arm,shoulder_near,workspace/plain-walk-v13/parts/down_right/upper_arm.png,86.96694412572513,141.25898566906417,-0.7452325981567639,1,0.9664680898047674,4.5,3,9,28
down_right,5,600,24,elbow_joint_near,elbow,shoulder_near,workspace/plain-walk-v13/parts/down_right/elbow.png,87.24348998872394,162.51948513622915,0,1,1,3,3,6,6
down_right,5,600,25,forearm_near,forearm,elbow_near,workspace/plain-walk-v13/parts/down_right/forearm.png,87.24348998872394,162.51948513622915,-38.30944591574575,1,0.6907584736957658,3.5,3,7,23
down_right,5,600,26,wrist_joint_near,wrist,elbow_near,workspace/plain-walk-v13/parts/down_right/wrist.png,94.52300869269958,171.73383091736915,0,1,1,2.5,2.5,5,5
down_right,5,600,27,hand_near,hand,wrist_near,workspace/plain-walk-v13/parts/down_right/hand.png,94.52300869269958,171.73383091736915,-23.490087271017106,1,0.885922864589235,4,2,8,9
down_right,5,600,28,head,head,neck,workspace/plain-walk-v13/parts/down_right/head.png,95.56246651243052,128.51934593336438,0,1,1,26,60,64,65
down_right,6,720,0,hip_joint_far,hip,root,workspace/plain-walk-v13/parts/down_right/hip.png,102.01040764008566,175.41812662478458,0,1,1,4,4,8,8
down_right,6,720,1,shin_far,shin,knee_far,workspace/plain-walk-v13/parts/down_right/shin.png,103.82020659024194,198.7646825503065,7.651026118215385,1,0.8648347043063546,5,3,10,34
down_right,6,720,2,knee_joint_far,knee,hip_far,workspace/plain-walk-v13/parts/down_right/knee.png,103.82020659024194,198.7646825503065,0,1,0.9165501776911714,4,4,8,8
down_right,6,720,3,thigh_far,thigh,hip_far,workspace/plain-walk-v13/parts/down_right/thigh.png,102.01040764008566,175.41812662478458,-4.432640203114274,1,0.9006383714178964,7,3,14,32
down_right,6,720,4,ankle_joint_far,ankle,knee_far,workspace/plain-walk-v13/parts/down_right/ankle.png,100.59619407771257,222.7644736094974,0,1,1,3,3,6,6
down_right,6,720,5,foot_far,foot,ankle_far,workspace/plain-walk-v13/parts/down_right/foot.png,100.59619407771257,222.7644736094974,0,0.9888630681963119,0.9888630681963119,5.5,2,17,16
down_right,6,720,6,shoulder_joint_far,shoulder,thorax,workspace/plain-walk-v13/parts/down_right/shoulder.png,107.49025291465135,137.27757398398091,0,0.72,0.72,3.5,3.5,7,7
down_right,6,720,7,upper_arm_far,upper_arm,shoulder_far,workspace/plain-walk-v13/parts/down_right/upper_arm.png,107.49025291465135,137.27757398398091,-5.223028980518707,-1,1.0057661551463088,4.5,3,9,28
down_right,6,720,8,elbow_joint_far,elbow,shoulder_far,workspace/plain-walk-v13/parts/down_right/elbow.png,109.50452362909364,159.31255626140583,0,1,1,3,3,6,6
down_right,6,720,9,forearm_far,forearm,elbow_far,workspace/plain-walk-v13/parts/down_right/forearm.png,109.50452362909364,159.31255626140583,-19.732220344120034,-1,0.9983903684613253,3.5,3,7,23
down_right,6,720,10,wrist_joint_far,wrist,elbow_far,workspace/plain-walk-v13/parts/down_right/wrist.png,115.23490387286019,175.2885734123278,0,1,1,2.5,2.5,5,5
down_right,6,720,11,hand_far,hand,wrist_far,workspace/plain-walk-v13/parts/down_right/hand.png,115.23490387286019,175.2885734123278,-1.074802307403552,-1,0.9990309347315787,4,2,8,9
down_right,6,720,12,shoulder_joint_near,shoulder,thorax,workspace/plain-walk-v13/parts/down_right/shoulder.png,86.47196937889456,137.75898566906417,0,0.72,0.72,3.5,3.5,7,7
down_right,6,720,13,waist_joint,waist,root,workspace/plain-walk-v13/parts/down_right/waist.png,96,157,0,1,1,9,5,18,10
down_right,6,720,14,lower_body,lower_body,root,workspace/plain-walk-v13/parts/down_right/lower_body.png,96,157,-0.5656854249492381,1,1,14,-2,28,26
down_right,6,720,15,hip_joint_near,hip,root,workspace/plain-walk-v13/parts/down_right/hip.png,89.98959235991434,177.58187337521542,0,1,1,4,4,8,8
down_right,6,720,16,thigh_near,thigh,hip_near,workspace/plain-walk-v13/parts/down_right/thigh.png,89.98959235991434,177.58187337521542,-38.337980328756835,1,0.8449701500358332,7,3,14,32
down_right,6,720,17,knee_joint_near,knee,hip_near,workspace/plain-walk-v13/parts/down_right/knee.png,103.61708238319567,194.81377154328254,0,1,0.62,4,4,8,8
down_right,6,720,18,shin_near,shin,knee_near,workspace/plain-walk-v13/parts/down_right/shin.png,103.61708238319567,194.81377154328254,19.292359918948314,1,0.7851717571278567,5,3,10,34
down_right,6,720,19,ankle_joint_near,ankle,knee_near,workspace/plain-walk-v13/parts/down_right/ankle.png,96.35355339059326,215.56402412284314,0,1,1,3,3,6,6
down_right,6,720,20,foot_near,foot_swing,ankle_near,workspace/plain-walk-v13/parts/down_right/foot_swing.png,96.35355339059326,215.56402412284314,-0.5939696961966999,1.018561553006147,1.018561553006147,4,2,17,16
down_right,6,720,21,neck,neck,cervical,workspace/plain-walk-v13/parts/down_right/neck.png,96.06749176559994,131.26934593336438,-9.090276920822323,0.875,1.6658988901172165,4,5,8,10
down_right,6,720,22,upper_body,upper_body,waist,workspace/plain-walk-v13/parts/down_right/upper_body.png,96,157,1.414213562373095,1,1,16,32,32,34
down_right,6,720,23,upper_arm_near,upper_arm,shoulder_near,workspace/plain-walk-v13/parts/down_right/upper_arm.png,86.47196937889456,137.75898566906417,6.002363271831591,1,1.0029150116160552,4.5,3,9,28
down_right,6,720,24,elbow_joint_near,elbow,shoulder_near,workspace/plain-walk-v13/parts/down_right/elbow.png,84.16473466098681,159.70215116291442,0,1,1,3,3,6,6
down_right,6,720,25,forearm_near,forearm,elbow_near,workspace/plain-walk-v13/parts/down_right/forearm.png,84.16473466098681,159.70215116291442,-17.860376839190454,1,0.837780212862616,3.5,3,7,23
down_right,6,720,26,wrist_joint_near,wrist,elbow_near,workspace/plain-walk-v13/parts/down_right/wrist.png,88.53281504886614,173.25803352846177,0,1,1,2.5,2.5,5,5
down_right,6,720,27,hand_near,hand,wrist_near,workspace/plain-walk-v13/parts/down_right/hand.png,88.53281504886614,173.25803352846177,-14.354267658086913,1,0.9614758153575746,4,2,8,9
down_right,6,720,28,head,head,neck,workspace/plain-walk-v13/parts/down_right/head.png,95.06749176559994,125.01934593336438,0,1,1,26,60,64,65
down_right,7,840,0,hip_joint_far,hip,root,workspace/plain-walk-v13/parts/down_right/hip.png,101.51543289325508,176.91812662478458,0,1,1,4,4,8,8
down_right,7,840,1,shin_far,shin,knee_far,workspace/plain-walk-v13/parts/down_right/shin.png,100.88774575431128,200.1554493350552,26.590820246397275,1,0.7961957279359211,5,3,10,34
down_right,7,840,2,knee_joint_far,knee,hip_far,workspace/plain-walk-v13/parts/down_right/knee.png,100.88774575431128,200.1554493350552,0,1,0.8427267350040312,4,4,8,8
down_right,7,840,3,thigh_far,thigh,hip_far,workspace/plain-walk-v13/parts/down_right/thigh.png,101.51543289325508,176.91812662478458,1.5472987657200827,1,0.8940691813356962,7,3,14,32
down_right,7,840,4,ankle_joint_far,ankle,knee_far,workspace/plain-walk-v13/parts/down_right/ankle.png,90.90883117545687,220.0908583195662,0,1,1,3,3,6,6
down_right,7,840,5,foot_far,foot_toe,ankle_far,workspace/plain-walk-v13/parts/down_right/foot_toe.png,90.90883117545687,220.0908583195662,0.7919595949289332,0.9750744859631743,0.9750744859631743,6.5,2,15,17
down_right,7,840,6,shoulder_joint_far,shoulder,thorax,workspace/plain-walk-v13/parts/down_right/shoulder.png,106.99527816782077,138.77757398398091,0,0.72,0.72,3.5,3.5,7,7
down_right,7,840,7,upper_arm_far,upper_arm,shoulder_far,workspace/plain-walk-v13/parts/down_right/upper_arm.png,106.99527816782077,138.77757398398091,-13.227239446791682,-1,1.0091682500948926,4.5,3,9,28
down_right,7,840,8,elbow_joint_far,elbow,shoulder_far,workspace/plain-walk-v13/parts/down_right/elbow.png,112.07533166264855,160.39026946782764,0,1,1,3,3,6,6
down_right,7,840,9,forearm_far,forearm,elbow_far,workspace/plain-walk-v13/parts/down_right/forearm.png,112.07533166264855,160.39026946782764,-37.34569305460067,-1,0.9474128269080834,3.5,3,7,23
down_right,7,840,10,wrist_joint_far,wrist,elbow_far,workspace/plain-walk-v13/parts/down_right/wrist.png,121.84560609988671,173.19439204954134,0,1,1,2.5,2.5,5,5
down_right,7,840,11,hand_far,hand,wrist_far,workspace/plain-walk-v13/parts/down_right/hand.png,121.84560609988671,173.19439204954134,-12.445079348883237,-1,0.9653917307774098,4,2,8,9
down_right,7,840,12,shoulder_joint_near,shoulder,thorax,workspace/plain-walk-v13/parts/down_right/shoulder.png,85.97699463206398,139.25898566906417,0,0.72,0.72,3.5,3.5,7,7
down_right,7,840,13,waist_joint,waist,root,workspace/plain-walk-v13/parts/down_right/waist.png,95.50502525316942,158.5,0,1,1,9,5,18,10
down_right,7,840,14,lower_body,lower_body,root,workspace/plain-walk-v13/parts/down_right/lower_body.png,95.50502525316942,158.5,-0.3535533905932738,1,1,14,-2,28,26
down_right,7,840,15,hip_joint_near,hip,root,workspace/plain-walk-v13/parts/down_right/hip.png,89.49461761308376,179.08187337521542,0,1,1,4,4,8,8
down_right,7,840,16,thigh_near,thigh,hip_near,workspace/plain-walk-v13/parts/down_right/thigh.png,89.49461761308376,179.08187337521542,-21.757518486866303,1,0.8898478846087478,7,3,14,32
down_right,7,840,17,knee_joint_near,knee,hip_near,workspace/plain-walk-v13/parts/down_right/knee.png,98.07067092292772,200.569727801862,0,1,0.9602116088195735,4,4,8,8
down_right,7,840,18,shin_near,shin,knee_near,workspace/plain-walk-v13/parts/down_right/shin.png,98.07067092292772,200.569727801862,-16.230050415651014,1,0.8919534515869587,5,3,10,34
down_right,7,840,19,ankle_joint_near,ankle,knee_near,workspace/plain-walk-v13/parts/down_right/ankle.png,105.0509667991878,224.54911357300742,0,1,1,3,3,6,6
down_right,7,840,20,foot_near,foot_swing,ankle_near,workspace/plain-walk-v13/parts/down_right/foot_swing.png,105.0509667991878,224.54911357300742,-1.1879393923933999,1.0323501352392845,1.0323501352392845,4,2,17,16
down_right,7,840,21,neck,neck,cervical,workspace/plain-walk-v13/parts/down_right/neck.png,95.57251701876936,132.76934593336438,-9.090276920822323,0.875,1.6658988901172165,4,5,8,10
down_right,7,840,22,upper_body,upper_body,waist,workspace/plain-walk-v13/parts/down_right/upper_body.png,95.50502525316942,158.5,1.414213562373095,1,1,16,32,32,34
down_right,7,840,23,upper_arm_near,upper_arm,shoulder_near,workspace/plain-walk-v13/parts/down_right/upper_arm.png,85.97699463206398,139.25898566906417,14.18226249350738,1,1.0258988983200703,4.5,3,9,28
down_right,7,840,24,elbow_joint_near,elbow,shoulder_near,workspace/plain-walk-v13/parts/down_right/elbow.png,80.44723582000039,161.14086277031814,0,1,1,3,3,6,6
down_right,7,840,25,forearm_near,forearm,elbow_near,workspace/plain-walk-v13/parts/down_right/forearm.png,80.44723582000039,161.14086277031814,-1.3425381303927948,1,0.9666516949474326,3.5,3,7,23
down_right,7,840,26,wrist_joint_near,wrist,elbow_near,workspace/plain-walk-v13/parts/down_right/wrist.png,80.83225573435843,177.5694305404002,0,1,1,2.5,2.5,5,5
down_right,7,840,27,hand_near,hand,wrist_near,workspace/plain-walk-v13/parts/down_right/hand.png,80.83225573435843,177.5694305404002,-2.9698484809835,1,0.999569249654287,4,2,8,9
down_right,7,840,28,head,head,neck,workspace/plain-walk-v13/parts/down_right/head.png,94.57251701876936,126.51934593336438,0,1,1,26,60,64,65
side,0,0,0,hip_joint_far,hip,root,workspace/plain-walk-v13/parts/side/hip.png,104,179.5,0,1,1,4,4,8,8
side,0,0,1,thigh_far,thigh,hip_far,workspace/plain-walk-v13/parts/side/thigh.png,104,179.5,12.232738951729527,1,0.999999999999999,7,3,14,32
side,0,0,2,knee_joint_far,knee,hip_far,workspace/plain-walk-v13/parts/side/knee.png,98.49103524486266,204.90966956350778,0,1,1,4,4,8,8
side,0,0,3,shin_far,shin,knee_far,workspace/plain-walk-v13/parts/side/shin.png,98.49103524486266,204.90966956350778,41.329937237639015,1,1.0000000000000004,5,3,10,34
side,0,0,4,ankle_joint_far,ankle,knee_far,workspace/plain-walk-v13/parts/side/ankle.png,80,225.93540654400974,0,1,1,3,3,6,6
side,0,0,5,foot_far,foot,ankle_far,workspace/plain-walk-v13/parts/side/foot.png,80,225.93540654400974,20,1,1,7,2,22,14
side,0,0,6,shoulder_joint_far,shoulder,thorax,workspace/plain-walk-v13/parts/side/shoulder.png,102,138.5,0,1,1,3.5,3.5,7,7
side,0,0,7,upper_arm_far,upper_arm,shoulder_far,workspace/plain-walk-v13/parts/side/upper_arm.png,102,138.5,-16.000000000000014,1,1.0000000000000002,4.5,3,9,28
side,0,0,8,elbow_joint_far,elbow,shoulder_far,workspace/plain-walk-v13/parts/side/elbow.png,108.06402182797399,159.64775731064302,0,1,1,3,3,6,6
side,0,0,9,forearm_far,forearm,elbow_far,workspace/plain-walk-v13/parts/side/forearm.png,108.06402182797399,159.64775731064302,-56.00000000000002,1,0.9999999999999998,3.5,3,7,23
side,0,0,10,wrist_joint_far,wrist,elbow_far,workspace/plain-walk-v13/parts/side/wrist.png,122.1576605614097,169.1540366696457,0,1,1,2.5,2.5,5,5
side,0,0,11,hand_far,hand,wrist_far,workspace/plain-walk-v13/parts/side/hand.png,122.1576605614097,169.1540366696457,-33,1,1,4,2,8,9
side,0,0,12,waist_joint,waist,root,workspace/plain-walk-v13/parts/side/waist.png,104,160,0,1,1,9,5,18,10
side,0,0,13,lower_body,lower_body,root,workspace/plain-walk-v13/parts/side/lower_body.png,104,160,0,1,1,12,-2,24,26
side,0,0,14,hip_joint_near,hip,root,workspace/plain-walk-v13/parts/side/hip.png,104,179.5,0,1,1,4,4,8,8
side,0,0,15,thigh_near,thigh,hip_near,workspace/plain-walk-v13/parts/side/thigh.png,104,179.5,-26.44501285800378,1,0.9999999999999998,7,3,14,32
side,0,0,16,knee_joint_near,knee,hip_near,workspace/plain-walk-v13/parts/side/knee.png,115.5788070652705,202.77941637896538,0,1,1,4,4,8,8
side,0,0,17,shin_near,shin,knee_near,workspace/plain-walk-v13/parts/side/shin.png,115.5788070652705,202.77941637896538,-19.662024265604554,1,1.0000000000000004,5,3,10,34
side,0,0,18,ankle_joint_near,ankle,knee_near,workspace/plain-walk-v13/parts/side/ankle.png,125,229.1468418066897,0,1,1,3,3,6,6
side,0,0,19,foot_near,foot,ankle_near,workspace/plain-walk-v13/parts/side/foot.png,125,229.1468418066897,-14,1,1,7,2,22,14
side,0,0,20,neck,neck,cervical,workspace/plain-walk-v13/parts/side/neck.png,102.7985078335273,129.1810264476709,3.3664606634298013,0.875,1.2514693182963201,4,5,8,10
side,0,0,21,upper_body,upper_body,waist,workspace/plain-walk-v13/parts/side/upper_body.png,104,160,2,1,1,12.5,32,25,34
side,0,0,22,shoulder_joint_near,shoulder,thorax,workspace/plain-walk-v13/parts/side/shoulder.png,104,138.5,0,1,1,3.5,3.5,7,7
side,0,0,23,upper_arm_near,upper_arm,shoulder_near,workspace/plain-walk-v13/parts/side/upper_arm.png,104,138.5,16.000000000000014,1,1.0000000000000002,4.5,3,9,28
side,0,0,24,elbow_joint_near,elbow,shoulder_near,workspace/plain-walk-v13/parts/side/elbow.png,97.93597817202601,159.64775731064302,0,1,1,3,3,6,6
side,0,0,25,forearm_near,forearm,elbow_near,workspace/plain-walk-v13/parts/side/forearm.png,97.93597817202601,159.64775731064302,0,1,1,3.5,3,7,23
side,0,0,26,wrist_joint_near,wrist,elbow_near,workspace/plain-walk-v13/parts/side/wrist.png,97.93597817202601,176.64775731064302,0,1,1,2.5,2.5,5,5
side,0,0,27,hand_near,hand,wrist_near,workspace/plain-walk-v13/parts/side/hand.png,97.93597817202601,176.64775731064302,8,1,1,4,2,8,9
side,0,0,28,head,head,neck,workspace/plain-walk-v13/parts/side/head.png,103.7985078335273,124.43102644767089,0,1,1,28,61,60,64
side,1,120,0,hip_joint_far,hip,root,workspace/plain-walk-v13/parts/side/hip.png,104,180,0,1,1,4,4,8,8
side,1,120,1,thigh_far,thigh,hip_far,workspace/plain-walk-v13/parts/side/thigh.png,104,180,-24.41785153559827,1,0.9999999999999999,7,3,14,32
side,1,120,2,knee_joint_far,knee,hip_far,workspace/plain-walk-v13/parts/side/knee.png,114.74809189277266,203.6744275678318,0,1,1,4,4,8,8
side,1,120,3,shin_far,shin,knee_far,workspace/plain-walk-v13/parts/side/shin.png,114.74809189277266,203.6744275678318,54.33421511786535,1,0.9999999999999998,5,3,10,34
side,1,120,4,ankle_joint_far,ankle,knee_far,workspace/plain-walk-v13/parts/side/ankle.png,92,220,0,1,1,3,3,6,6
side,1,120,5,foot_far,foot,ankle_far,workspace/plain-walk-v13/parts/side/foot.png,92,220,22,1,1,7,2,22,14
side,1,120,6,shoulder_joint_far,shoulder,thorax,workspace/plain-walk-v13/parts/side/shoulder.png,102,139,0,1,1,3.5,3.5,7,7
side,1,120,7,upper_arm_far,upper_arm,shoulder_far,workspace/plain-walk-v13/parts/side/upper_arm.png,102,139,-11.99999999999998,1,0.9999999999999999,4.5,3,9,28
side,1,120,8,elbow_joint_far,elbow,shoulder_far,workspace/plain-walk-v13/parts/side/elbow.png,106.5740571979907,160.51924721614373,0,1,1,3,3,6,6
side,1,120,9,forearm_far,forearm,elbow_far,workspace/plain-walk-v13/parts/side/forearm.png,106.5740571979907,160.51924721614373,-54.00000000000004,1,1.0000000000000002,3.5,3,7,23
side,1,120,10,wrist_joint_far,wrist,elbow_far,workspace/plain-walk-v13/parts/side/wrist.png,120.32734610236481,170.51159650511576,0,1,1,2.5,2.5,5,5
side,1,120,11,hand_far,hand,wrist_far,workspace/plain-walk-v13/parts/side/hand.png,120.32734610236481,170.51159650511576,-33,1,1,4,2,8,9
side,1,120,12,waist_joint,waist,root,workspace/plain-walk-v13/parts/side/waist.png,104,160.5,0,1,1,9,5,18,10
side,1,120,13,lower_body,lower_body,root,workspace/plain-walk-v13/parts/side/lower_body.png,104,160.5,0.5,1,1,12,-2,24,26
side,1,120,14,hip_joint_near,hip,root,workspace/plain-walk-v13/parts/side/hip.png,104,180,0,1,1,4,4,8,8
side,1,120,15,thigh_near,thigh,hip_near,workspace/plain-walk-v13/parts/side/thigh.png,104,180,-31.283742071639043,1,0.9999999999999999,7,3,14,32
side,1,120,16,knee_joint_near,knee,hip_near,workspace/plain-walk-v13/parts/side/knee.png,117.50119249785043,202.2197615004299,0,1,1,4,4,8,8
side,1,120,17,shin_near,shin,knee_near,workspace/plain-walk-v13/parts/side/shin.png,117.50119249785043,202.2197615004299,7.183215260310832,1,1.0000000000000002,5,3,10,34
side,1,120,18,ankle_joint_near,ankle,knee_near,workspace/plain-walk-v13/parts/side/ankle.png,114,230,0,1,1,3,3,6,6
side,1,120,19,foot_near,foot,ankle_near,workspace/plain-walk-v13/parts/side/foot.png,114,230,0,1,1,7,2,22,14
side,1,120,20,neck,neck,cervical,workspace/plain-walk-v13/parts/side/neck.png,102.7985078335273,129.6810264476709,3.3664606634298013,0.875,1.2514693182963201,4,5,8,10
side,1,120,21,upper_body,upper_body,waist,workspace/plain-walk-v13/parts/side/upper_body.png,104,160.5,2,1,1,12.5,32,25,34
side,1,120,22,shoulder_joint_near,shoulder,thorax,workspace/plain-walk-v13/parts/side/shoulder.png,104,139,0,1,1,3.5,3.5,7,7
side,1,120,23,upper_arm_near,upper_arm,shoulder_near,workspace/plain-walk-v13/parts/side/upper_arm.png,104,139,11.99999999999998,1,0.9999999999999999,4.5,3,9,28
side,1,120,24,elbow_joint_near,elbow,shoulder_near,workspace/plain-walk-v13/parts/side/elbow.png,99.4259428020093,160.51924721614373,0,1,1,3,3,6,6
side,1,120,25,forearm_near,forearm,elbow_near,workspace/plain-walk-v13/parts/side/forearm.png,99.4259428020093,160.51924721614373,-1.9999999999999598,1,1.0000000000000004,3.5,3,7,23
side,1,120,26,wrist_joint_near,wrist,elbow_near,workspace/plain-walk-v13/parts/side/wrist.png,100.01923424595181,177.50889127546836,0,1,1,2.5,2.5,5,5
side,1,120,27,hand_near,hand,wrist_near,workspace/plain-walk-v13/parts/side/hand.png,100.01923424595181,177.50889127546836,8,1,1,4,2,8,9
side,1,120,28,head,head,neck,workspace/plain-walk-v13/parts/side/head.png,103.7985078335273,124.93102644767089,0,1,1,28,61,60,64
side,2,240,0,hip_joint_far,hip,root,workspace/plain-walk-v13/parts/side/hip.png,104,176.5,0,1,1,4,4,8,8
side,2,240,1,thigh_far,thigh,hip_far,workspace/plain-walk-v13/parts/side/thigh.png,104,176.5,-47.83695893465485,1,0.9999999999999996,7,3,14,32
side,2,240,2,knee_joint_far,knee,hip_far,workspace/plain-walk-v13/parts/side/knee.png,123.2721812120285,193.95230733544236,0,1,1,4,4,8,8
side,2,240,3,shin_far,shin,knee_far,workspace/plain-walk-v13/parts/side/shin.png,123.2721812120285,193.95230733544236,21.522317824501517,1,1.0000000000000009,5,3,10,34
side,2,240,4,ankle_joint_far,ankle,knee_far,workspace/plain-walk-v13/parts/side/ankle.png,113,220,0,1,1,3,3,6,6
side,2,240,5,foot_far,foot,ankle_far,workspace/plain-walk-v13/parts/side/foot.png,113,220,-6,1,1,7,2,22,14
side,2,240,6,shoulder_joint_far,shoulder,thorax,workspace/plain-walk-v13/parts/side/shoulder.png,102,135.5,0,1,1,3.5,3.5,7,7
side,2,240,7,upper_arm_far,upper_arm,shoulder_far,workspace/plain-walk-v13/parts/side/upper_arm.png,102,135.5,-1.9999999999999842,1,1.0000000000000002,4.5,3,9,28
side,2,240,8,elbow_joint_far,elbow,shoulder_far,workspace/plain-walk-v13/parts/side/elbow.png,102.76778892745502,157.4865981944201,0,1,1,3,3,6,6
side,2,240,9,forearm_far,forearm,elbow_far,workspace/plain-walk-v13/parts/side/forearm.png,102.76778892745502,157.4865981944201,-34.00000000000002,1,1.0000000000000004,3.5,3,7,23
side,2,240,10,wrist_joint_far,wrist,elbow_far,workspace/plain-walk-v13/parts/side/wrist.png,112.27406828645772,171.58023692785582,0,1,1,2.5,2.5,5,5
side,2,240,11,hand_far,hand,wrist_far,workspace/plain-walk-v13/parts/side/hand.png,112.27406828645772,171.58023692785582,-19,1,1,4,2,8,9
side,2,240,12,waist_joint,waist,root,workspace/plain-walk-v13/parts/side/waist.png,104,157,0,1,1,9,5,18,10
side,2,240,13,lower_body,lower_body,root,workspace/plain-walk-v13/parts/side/lower_body.png,104,157,0.8,1,1,12,-2,24,26
side,2,240,14,hip_joint_near,hip,root,workspace/plain-walk-v13/parts/side/hip.png,104,176.5,0,1,1,4,4,8,8
side,2,240,15,thigh_near,thigh,hip_near,workspace/plain-walk-v13/parts/side/thigh.png,104,176.5,-5.649350731025772,1,0.9999999999999998,7,3,14,32
side,2,240,16,knee_joint_near,knee,hip_near,workspace/plain-walk-v13/parts/side/knee.png,106.5594422204796,202.37371746618615,0,1,1,4,4,8,8
side,2,240,17,shin_near,shin,knee_near,workspace/plain-walk-v13/parts/side/shin.png,106.5594422204796,202.37371746618615,9.371617284563381,1,1,5,3,10,34
side,2,240,18,ankle_joint_near,ankle,knee_near,workspace/plain-walk-v13/parts/side/ankle.png,102,230,0,1,1,3,3,6,6
side,2,240,19,foot_near,foot,ankle_near,workspace/plain-walk-v13/parts/side/foot.png,102,230,0,1,1,7,2,22,14
side,2,240,20,neck,neck,cervical,workspace/plain-walk-v13/parts/side/neck.png,102.7985078335273,126.18102644767089,3.3664606634298013,0.875,1.2514693182963201,4,5,8,10
side,2,240,21,upper_body,upper_body,waist,workspace/plain-walk-v13/parts/side/upper_body.png,104,157,2,1,1,12.5,32,25,34
side,2,240,22,shoulder_joint_near,shoulder,thorax,workspace/plain-walk-v13/parts/side/shoulder.png,104,135.5,0,1,1,3.5,3.5,7,7
side,2,240,23,upper_arm_near,upper_arm,shoulder_near,workspace/plain-walk-v13/parts/side/upper_arm.png,104,135.5,3.0000000000000058,1,0.9999999999999996,4.5,3,9,28
side,2,240,24,elbow_joint_near,elbow,shoulder_near,workspace/plain-walk-v13/parts/side/elbow.png,102.84860896265523,157.4698497646006,0,1,1,3,3,6,6
side,2,240,25,forearm_near,forearm,elbow_near,workspace/plain-walk-v13/parts/side/forearm.png,102.84860896265523,157.4698497646006,-16.99999999999996,1,1.0000000000000013,3.5,3,7,23
side,2,240,26,wrist_joint_near,wrist,elbow_near,workspace/plain-walk-v13/parts/side/wrist.png,107.81892794294176,173.72703061597224,0,1,1,2.5,2.5,5,5
side,2,240,27,hand_near,hand,wrist_near,workspace/plain-walk-v13/parts/side/hand.png,107.81892794294176,173.72703061597224,-3,1,1,4,2,8,9
side,2,240,28,head,head,neck,workspace/plain-walk-v13/parts/side/head.png,103.7985078335273,121.43102644767089,0,1,1,28,61,60,64
side,3,360,0,hip_joint_far,hip,root,workspace/plain-walk-v13/parts/side/hip.png,104,178,0,1,1,4,4,8,8
side,3,360,1,thigh_far,thigh,hip_far,workspace/plain-walk-v13/parts/side/thigh.png,104,178,-27.805775427946323,1,1.0000000000000002,7,3,14,32
side,3,360,2,knee_joint_far,knee,hip_far,workspace/plain-walk-v13/parts/side/knee.png,116.128370902416,200.99788292981398,0,1,1,4,4,8,8
side,3,360,3,shin_far,shin,knee_far,workspace/plain-walk-v13/parts/side/shin.png,116.128370902416,200.99788292981398,-20.64386501546954,1,1.0000000000000002,5,3,10,34
side,3,360,4,ankle_joint_far,ankle,knee_far,workspace/plain-walk-v13/parts/side/ankle.png,126,227.2,0,1,1,3,3,6,6
side,3,360,5,foot_far,foot,ankle_far,workspace/plain-walk-v13/parts/side/foot.png,126,227.2,-12,1,1,7,2,22,14
side,3,360,6,shoulder_joint_far,shoulder,thorax,workspace/plain-walk-v13/parts/side/shoulder.png,102,137,0,1,1,3.5,3.5,7,7
side,3,360,7,upper_arm_far,upper_arm,shoulder_far,workspace/plain-walk-v13/parts/side/upper_arm.png,102,137,10.000000000000004,1,0.9999999999999999,4.5,3,9,28
side,3,360,8,elbow_joint_far,elbow,shoulder_far,workspace/plain-walk-v13/parts/side/elbow.png,98.17974009132753,158.66577056626858,0,1,1,3,3,6,6
side,3,360,9,forearm_far,forearm,elbow_far,workspace/plain-walk-v13/parts/side/forearm.png,98.17974009132753,158.66577056626858,-12.000000000000002,1,0.9999999999999991,3.5,3,7,23
side,3,360,10,wrist_joint_far,wrist,elbow_far,workspace/plain-walk-v13/parts/side/wrist.png,101.71423883522944,175.29427977874326,0,1,1,2.5,2.5,5,5
side,3,360,11,hand_far,hand,wrist_far,workspace/plain-walk-v13/parts/side/hand.png,101.71423883522944,175.29427977874326,-2,1,1,4,2,8,9
side,3,360,12,waist_joint,waist,root,workspace/plain-walk-v13/parts/side/waist.png,104,158.5,0,1,1,9,5,18,10
side,3,360,13,lower_body,lower_body,root,workspace/plain-walk-v13/parts/side/lower_body.png,104,158.5,0.5,1,1,12,-2,24,26
side,3,360,14,hip_joint_near,hip,root,workspace/plain-walk-v13/parts/side/hip.png,104,178,0,1,1,4,4,8,8
side,3,360,15,thigh_near,thigh,hip_near,workspace/plain-walk-v13/parts/side/thigh.png,104,178,1.9565543726458516,1,0.9999999999999996,7,3,14,32
side,3,360,16,knee_joint_near,knee,hip_near,workspace/plain-walk-v13/parts/side/knee.png,103.11231633517852,203.98484207593359,0,1,1,4,4,8,8
side,3,360,17,shin_near,shin,knee_near,workspace/plain-walk-v13/parts/side/shin.png,103.11231633517852,203.98484207593359,30.265742071920243,1,1.0000000000000004,5,3,10,34
side,3,360,18,ankle_joint_near,ankle,knee_near,workspace/plain-walk-v13/parts/side/ankle.png,89,228.16835976166024,0,1,1,3,3,6,6
side,3,360,19,foot_near,foot,ankle_near,workspace/plain-walk-v13/parts/side/foot.png,89,228.16835976166024,8,1,1,7,2,22,14
side,3,360,20,neck,neck,cervical,workspace/plain-walk-v13/parts/side/neck.png,102.7985078335273,127.68102644767089,3.3664606634298013,0.875,1.2514693182963201,4,5,8,10
side,3,360,21,upper_body,upper_body,waist,workspace/plain-walk-v13/parts/side/upper_body.png,104,158.5,2,1,1,12.5,32,25,34
side,3,360,22,shoulder_joint_near,shoulder,thorax,workspace/plain-walk-v13/parts/side/shoulder.png,104,137,0,1,1,3.5,3.5,7,7
side,3,360,23,upper_arm_near,upper_arm,shoulder_near,workspace/plain-walk-v13/parts/side/upper_arm.png,104,137,-8.000000000000002,1,0.9999999999999993,4.5,3,9,28
side,3,360,24,elbow_joint_near,elbow,shoulder_near,workspace/plain-walk-v13/parts/side/elbow.png,107.06180822112144,158.78589751231453,0,1,1,3,3,6,6
side,3,360,25,forearm_near,forearm,elbow_near,workspace/plain-walk-v13/parts/side/forearm.png,107.06180822112144,158.78589751231453,-37.999999999999915,1,1.000000000000001,3.5,3,7,23
side,3,360,26,wrist_joint_near,wrist,elbow_near,workspace/plain-walk-v13/parts/side/wrist.png,117.52805330165762,172.18208032362884,0,1,1,2.5,2.5,5,5
side,3,360,27,hand_near,hand,wrist_near,workspace/plain-walk-v13/parts/side/hand.png,117.52805330165762,172.18208032362884,-18,1,1,4,2,8,9
side,3,360,28,head,head,neck,workspace/plain-walk-v13/parts/side/head.png,103.7985078335273,122.93102644767089,0,1,1,28,61,60,64
side,4,480,0,hip_joint_far,hip,root,workspace/plain-walk-v13/parts/side/hip.png,104,179.5,0,1,1,4,4,8,8
side,4,480,1,thigh_far,thigh,hip_far,workspace/plain-walk-v13/parts/side/thigh.png,104,179.5,-26.44501285800378,1,0.9999999999999998,7,3,14,32
side,4,480,2,knee_joint_far,knee,hip_far,workspace/plain-walk-v13/parts/side/knee.png,115.5788070652705,202.77941637896538,0,1,1,4,4,8,8
side,4,480,3,shin_far,shin,knee_far,workspace/plain-walk-v13/parts/side/shin.png,115.5788070652705,202.77941637896538,-19.662024265604554,1,1.0000000000000004,5,3,10,34
side,4,480,4,ankle_joint_far,ankle,knee_far,workspace/plain-walk-v13/parts/side/ankle.png,125,229.1468418066897,0,1,1,3,3,6,6
side,4,480,5,foot_far,foot,ankle_far,workspace/plain-walk-v13/parts/side/foot.png,125,229.1468418066897,-14,1,1,7,2,22,14
side,4,480,6,shoulder_joint_far,shoulder,thorax,workspace/plain-walk-v13/parts/side/shoulder.png,102,138.5,0,1,1,3.5,3.5,7,7
side,4,480,7,upper_arm_far,upper_arm,shoulder_far,workspace/plain-walk-v13/parts/side/upper_arm.png,102,138.5,16.000000000000014,1,1.0000000000000002,4.5,3,9,28
side,4,480,8,elbow_joint_far,elbow,shoulder_far,workspace/plain-walk-v13/parts/side/elbow.png,95.93597817202601,159.64775731064302,0,1,1,3,3,6,6
side,4,480,9,forearm_far,forearm,elbow_far,workspace/plain-walk-v13/parts/side/forearm.png,95.93597817202601,159.64775731064302,0,1,1,3.5,3,7,23
side,4,480,10,wrist_joint_far,wrist,elbow_far,workspace/plain-walk-v13/parts/side/wrist.png,95.93597817202601,176.64775731064302,0,1,1,2.5,2.5,5,5
side,4,480,11,hand_far,hand,wrist_far,workspace/plain-walk-v13/parts/side/hand.png,95.93597817202601,176.64775731064302,8,1,1,4,2,8,9
side,4,480,12,waist_joint,waist,root,workspace/plain-walk-v13/parts/side/waist.png,104,160,0,1,1,9,5,18,10
side,4,480,13,lower_body,lower_body,root,workspace/plain-walk-v13/parts/side/lower_body.png,104,160,0,1,1,12,-2,24,26
side,4,480,14,hip_joint_near,hip,root,workspace/plain-walk-v13/parts/side/hip.png,104,179.5,0,1,1,4,4,8,8
side,4,480,15,thigh_near,thigh,hip_near,workspace/plain-walk-v13/parts/side/thigh.png,104,179.5,12.232738951729527,1,0.999999999999999,7,3,14,32
side,4,480,16,knee_joint_near,knee,hip_near,workspace/plain-walk-v13/parts/side/knee.png,98.49103524486266,204.90966956350778,0,1,1,4,4,8,8
side,4,480,17,shin_near,shin,knee_near,workspace/plain-walk-v13/parts/side/shin.png,98.49103524486266,204.90966956350778,41.329937237639015,1,1.0000000000000004,5,3,10,34
side,4,480,18,ankle_joint_near,ankle,knee_near,workspace/plain-walk-v13/parts/side/ankle.png,80,225.93540654400974,0,1,1,3,3,6,6
side,4,480,19,foot_near,foot,ankle_near,workspace/plain-walk-v13/parts/side/foot.png,80,225.93540654400974,20,1,1,7,2,22,14
side,4,480,20,neck,neck,cervical,workspace/plain-walk-v13/parts/side/neck.png,102.7985078335273,129.1810264476709,3.3664606634298013,0.875,1.2514693182963201,4,5,8,10
side,4,480,21,upper_body,upper_body,waist,workspace/plain-walk-v13/parts/side/upper_body.png,104,160,2,1,1,12.5,32,25,34
side,4,480,22,shoulder_joint_near,shoulder,thorax,workspace/plain-walk-v13/parts/side/shoulder.png,104,138.5,0,1,1,3.5,3.5,7,7
side,4,480,23,upper_arm_near,upper_arm,shoulder_near,workspace/plain-walk-v13/parts/side/upper_arm.png,104,138.5,-16.000000000000014,1,1.0000000000000002,4.5,3,9,28
side,4,480,24,elbow_joint_near,elbow,shoulder_near,workspace/plain-walk-v13/parts/side/elbow.png,110.06402182797399,159.64775731064302,0,1,1,3,3,6,6
side,4,480,25,forearm_near,forearm,elbow_near,workspace/plain-walk-v13/parts/side/forearm.png,110.06402182797399,159.64775731064302,-56.00000000000002,1,0.9999999999999998,3.5,3,7,23
side,4,480,26,wrist_joint_near,wrist,elbow_near,workspace/plain-walk-v13/parts/side/wrist.png,124.1576605614097,169.1540366696457,0,1,1,2.5,2.5,5,5
side,4,480,27,hand_near,hand,wrist_near,workspace/plain-walk-v13/parts/side/hand.png,124.1576605614097,169.1540366696457,-33,1,1,4,2,8,9
side,4,480,28,head,head,neck,workspace/plain-walk-v13/parts/side/head.png,103.7985078335273,124.43102644767089,0,1,1,28,61,60,64
side,5,600,0,hip_joint_far,hip,root,workspace/plain-walk-v13/parts/side/hip.png,104,180,0,1,1,4,4,8,8
side,5,600,1,thigh_far,thigh,hip_far,workspace/plain-walk-v13/parts/side/thigh.png,104,180,-31.283742071639043,1,0.9999999999999999,7,3,14,32
side,5,600,2,knee_joint_far,knee,hip_far,workspace/plain-walk-v13/parts/side/knee.png,117.50119249785043,202.2197615004299,0,1,1,4,4,8,8
side,5,600,3,shin_far,shin,knee_far,workspace/plain-walk-v13/parts/side/shin.png,117.50119249785043,202.2197615004299,7.183215260310832,1,1.0000000000000002,5,3,10,34
side,5,600,4,ankle_joint_far,ankle,knee_far,workspace/plain-walk-v13/parts/side/ankle.png,114,230,0,1,1,3,3,6,6
side,5,600,5,foot_far,foot,ankle_far,workspace/plain-walk-v13/parts/side/foot.png,114,230,0,1,1,7,2,22,14
side,5,600,6,shoulder_joint_far,shoulder,thorax,workspace/plain-walk-v13/parts/side/shoulder.png,102,139,0,1,1,3.5,3.5,7,7
side,5,600,7,upper_arm_far,upper_arm,shoulder_far,workspace/plain-walk-v13/parts/side/upper_arm.png,102,139,11.99999999999998,1,0.9999999999999999,4.5,3,9,28
side,5,600,8,elbow_joint_far,elbow,shoulder_far,workspace/plain-walk-v13/parts/side/elbow.png,97.4259428020093,160.51924721614373,0,1,1,3,3,6,6
side,5,600,9,forearm_far,forearm,elbow_far,workspace/plain-walk-v13/parts/side/forearm.png,97.4259428020093,160.51924721614373,-1.9999999999999598,1,1.0000000000000004,3.5,3,7,23
side,5,600,10,wrist_joint_far,wrist,elbow_far,workspace/plain-walk-v13/parts/side/wrist.png,98.01923424595181,177.50889127546836,0,1,1,2.5,2.5,5,5
side,5,600,11,hand_far,hand,wrist_far,workspace/plain-walk-v13/parts/side/hand.png,98.01923424595181,177.50889127546836,8,1,1,4,2,8,9
side,5,600,12,waist_joint,waist,root,workspace/plain-walk-v13/parts/side/waist.png,104,160.5,0,1,1,9,5,18,10
side,5,600,13,lower_body,lower_body,root,workspace/plain-walk-v13/parts/side/lower_body.png,104,160.5,-0.5,1,1,12,-2,24,26
side,5,600,14,hip_joint_near,hip,root,workspace/plain-walk-v13/parts/side/hip.png,104,180,0,1,1,4,4,8,8
side,5,600,15,thigh_near,thigh,hip_near,workspace/plain-walk-v13/parts/side/thigh.png,104,180,-24.41785153559827,1,0.9999999999999999,7,3,14,32
side,5,600,16,knee_joint_near,knee,hip_near,workspace/plain-walk-v13/parts/side/knee.png,114.74809189277266,203.6744275678318,0,1,1,4,4,8,8
side,5,600,17,shin_near,shin,knee_near,workspace/plain-walk-v13/parts/side/shin.png,114.74809189277266,203.6744275678318,54.33421511786535,1,0.9999999999999998,5,3,10,34
side,5,600,18,ankle_joint_near,ankle,knee_near,workspace/plain-walk-v13/parts/side/ankle.png,92,220,0,1,1,3,3,6,6
side,5,600,19,foot_near,foot,ankle_near,workspace/plain-walk-v13/parts/side/foot.png,92,220,22,1,1,7,2,22,14
side,5,600,20,neck,neck,cervical,workspace/plain-walk-v13/parts/side/neck.png,102.7985078335273,129.6810264476709,3.3664606634298013,0.875,1.2514693182963201,4,5,8,10
side,5,600,21,upper_body,upper_body,waist,workspace/plain-walk-v13/parts/side/upper_body.png,104,160.5,2,1,1,12.5,32,25,34
side,5,600,22,shoulder_joint_near,shoulder,thorax,workspace/plain-walk-v13/parts/side/shoulder.png,104,139,0,1,1,3.5,3.5,7,7
side,5,600,23,upper_arm_near,upper_arm,shoulder_near,workspace/plain-walk-v13/parts/side/upper_arm.png,104,139,-11.99999999999998,1,0.9999999999999999,4.5,3,9,28
side,5,600,24,elbow_joint_near,elbow,shoulder_near,workspace/plain-walk-v13/parts/side/elbow.png,108.5740571979907,160.51924721614373,0,1,1,3,3,6,6
side,5,600,25,forearm_near,forearm,elbow_near,workspace/plain-walk-v13/parts/side/forearm.png,108.5740571979907,160.51924721614373,-54.00000000000004,1,1.0000000000000002,3.5,3,7,23
side,5,600,26,wrist_joint_near,wrist,elbow_near,workspace/plain-walk-v13/parts/side/wrist.png,122.32734610236481,170.51159650511576,0,1,1,2.5,2.5,5,5
side,5,600,27,hand_near,hand,wrist_near,workspace/plain-walk-v13/parts/side/hand.png,122.32734610236481,170.51159650511576,-33,1,1,4,2,8,9
side,5,600,28,head,head,neck,workspace/plain-walk-v13/parts/side/head.png,103.7985078335273,124.93102644767089,0,1,1,28,61,60,64
side,6,720,0,hip_joint_far,hip,root,workspace/plain-walk-v13/parts/side/hip.png,104,176.5,0,1,1,4,4,8,8
side,6,720,1,thigh_far,thigh,hip_far,workspace/plain-walk-v13/parts/side/thigh.png,104,176.5,-5.649350731025772,1,0.9999999999999998,7,3,14,32
side,6,720,2,knee_joint_far,knee,hip_far,workspace/plain-walk-v13/parts/side/knee.png,106.5594422204796,202.37371746618615,0,1,1,4,4,8,8
side,6,720,3,shin_far,shin,knee_far,workspace/plain-walk-v13/parts/side/shin.png,106.5594422204796,202.37371746618615,9.371617284563381,1,1,5,3,10,34
side,6,720,4,ankle_joint_far,ankle,knee_far,workspace/plain-walk-v13/parts/side/ankle.png,102,230,0,1,1,3,3,6,6
side,6,720,5,foot_far,foot,ankle_far,workspace/plain-walk-v13/parts/side/foot.png,102,230,0,1,1,7,2,22,14
side,6,720,6,shoulder_joint_far,shoulder,thorax,workspace/plain-walk-v13/parts/side/shoulder.png,102,135.5,0,1,1,3.5,3.5,7,7
side,6,720,7,upper_arm_far,upper_arm,shoulder_far,workspace/plain-walk-v13/parts/side/upper_arm.png,102,135.5,3.0000000000000058,1,0.9999999999999996,4.5,3,9,28
side,6,720,8,elbow_joint_far,elbow,shoulder_far,workspace/plain-walk-v13/parts/side/elbow.png,100.84860896265523,157.4698497646006,0,1,1,3,3,6,6
side,6,720,9,forearm_far,forearm,elbow_far,workspace/plain-walk-v13/parts/side/forearm.png,100.84860896265523,157.4698497646006,-16.99999999999996,1,1.0000000000000013,3.5,3,7,23
side,6,720,10,wrist_joint_far,wrist,elbow_far,workspace/plain-walk-v13/parts/side/wrist.png,105.81892794294176,173.72703061597224,0,1,1,2.5,2.5,5,5
side,6,720,11,hand_far,hand,wrist_far,workspace/plain-walk-v13/parts/side/hand.png,105.81892794294176,173.72703061597224,-3,1,1,4,2,8,9
side,6,720,12,waist_joint,waist,root,workspace/plain-walk-v13/parts/side/waist.png,104,157,0,1,1,9,5,18,10
side,6,720,13,lower_body,lower_body,root,workspace/plain-walk-v13/parts/side/lower_body.png,104,157,-0.8,1,1,12,-2,24,26
side,6,720,14,hip_joint_near,hip,root,workspace/plain-walk-v13/parts/side/hip.png,104,176.5,0,1,1,4,4,8,8
side,6,720,15,thigh_near,thigh,hip_near,workspace/plain-walk-v13/parts/side/thigh.png,104,176.5,-47.83695893465485,1,0.9999999999999996,7,3,14,32
side,6,720,16,knee_joint_near,knee,hip_near,workspace/plain-walk-v13/parts/side/knee.png,123.2721812120285,193.95230733544236,0,1,1,4,4,8,8
side,6,720,17,shin_near,shin,knee_near,workspace/plain-walk-v13/parts/side/shin.png,123.2721812120285,193.95230733544236,21.522317824501517,1,1.0000000000000009,5,3,10,34
side,6,720,18,ankle_joint_near,ankle,knee_near,workspace/plain-walk-v13/parts/side/ankle.png,113,220,0,1,1,3,3,6,6
side,6,720,19,foot_near,foot,ankle_near,workspace/plain-walk-v13/parts/side/foot.png,113,220,-6,1,1,7,2,22,14
side,6,720,20,neck,neck,cervical,workspace/plain-walk-v13/parts/side/neck.png,102.7985078335273,126.18102644767089,3.3664606634298013,0.875,1.2514693182963201,4,5,8,10
side,6,720,21,upper_body,upper_body,waist,workspace/plain-walk-v13/parts/side/upper_body.png,104,157,2,1,1,12.5,32,25,34
side,6,720,22,shoulder_joint_near,shoulder,thorax,workspace/plain-walk-v13/parts/side/shoulder.png,104,135.5,0,1,1,3.5,3.5,7,7
side,6,720,23,upper_arm_near,upper_arm,shoulder_near,workspace/plain-walk-v13/parts/side/upper_arm.png,104,135.5,-1.9999999999999842,1,1.0000000000000002,4.5,3,9,28
side,6,720,24,elbow_joint_near,elbow,shoulder_near,workspace/plain-walk-v13/parts/side/elbow.png,104.76778892745502,157.4865981944201,0,1,1,3,3,6,6
side,6,720,25,forearm_near,forearm,elbow_near,workspace/plain-walk-v13/parts/side/forearm.png,104.76778892745502,157.4865981944201,-34.00000000000002,1,1.0000000000000004,3.5,3,7,23
side,6,720,26,wrist_joint_near,wrist,elbow_near,workspace/plain-walk-v13/parts/side/wrist.png,114.27406828645772,171.58023692785582,0,1,1,2.5,2.5,5,5
side,6,720,27,hand_near,hand,wrist_near,workspace/plain-walk-v13/parts/side/hand.png,114.27406828645772,171.58023692785582,-19,1,1,4,2,8,9
side,6,720,28,head,head,neck,workspace/plain-walk-v13/parts/side/head.png,103.7985078335273,121.43102644767089,0,1,1,28,61,60,64
side,7,840,0,hip_joint_far,hip,root,workspace/plain-walk-v13/parts/side/hip.png,104,178,0,1,1,4,4,8,8
side,7,840,1,thigh_far,thigh,hip_far,workspace/plain-walk-v13/parts/side/thigh.png,104,178,1.9565543726458516,1,0.9999999999999996,7,3,14,32
side,7,840,2,knee_joint_far,knee,hip_far,workspace/plain-walk-v13/parts/side/knee.png,103.11231633517852,203.98484207593359,0,1,1,4,4,8,8
side,7,840,3,shin_far,shin,knee_far,workspace/plain-walk-v13/parts/side/shin.png,103.11231633517852,203.98484207593359,30.265742071920243,1,1.0000000000000004,5,3,10,34
side,7,840,4,ankle_joint_far,ankle,knee_far,workspace/plain-walk-v13/parts/side/ankle.png,89,228.16835976166024,0,1,1,3,3,6,6
side,7,840,5,foot_far,foot,ankle_far,workspace/plain-walk-v13/parts/side/foot.png,89,228.16835976166024,8,1,1,7,2,22,14
side,7,840,6,shoulder_joint_far,shoulder,thorax,workspace/plain-walk-v13/parts/side/shoulder.png,102,137,0,1,1,3.5,3.5,7,7
side,7,840,7,upper_arm_far,upper_arm,shoulder_far,workspace/plain-walk-v13/parts/side/upper_arm.png,102,137,-8.000000000000002,1,0.9999999999999993,4.5,3,9,28
side,7,840,8,elbow_joint_far,elbow,shoulder_far,workspace/plain-walk-v13/parts/side/elbow.png,105.06180822112144,158.78589751231453,0,1,1,3,3,6,6
side,7,840,9,forearm_far,forearm,elbow_far,workspace/plain-walk-v13/parts/side/forearm.png,105.06180822112144,158.78589751231453,-37.999999999999915,1,1.000000000000001,3.5,3,7,23
side,7,840,10,wrist_joint_far,wrist,elbow_far,workspace/plain-walk-v13/parts/side/wrist.png,115.52805330165762,172.18208032362884,0,1,1,2.5,2.5,5,5
side,7,840,11,hand_far,hand,wrist_far,workspace/plain-walk-v13/parts/side/hand.png,115.52805330165762,172.18208032362884,-18,1,1,4,2,8,9
side,7,840,12,waist_joint,waist,root,workspace/plain-walk-v13/parts/side/waist.png,104,158.5,0,1,1,9,5,18,10
side,7,840,13,lower_body,lower_body,root,workspace/plain-walk-v13/parts/side/lower_body.png,104,158.5,-0.5,1,1,12,-2,24,26
side,7,840,14,hip_joint_near,hip,root,workspace/plain-walk-v13/parts/side/hip.png,104,178,0,1,1,4,4,8,8
side,7,840,15,thigh_near,thigh,hip_near,workspace/plain-walk-v13/parts/side/thigh.png,104,178,-27.805775427946323,1,1.0000000000000002,7,3,14,32
side,7,840,16,knee_joint_near,knee,hip_near,workspace/plain-walk-v13/parts/side/knee.png,116.128370902416,200.99788292981398,0,1,1,4,4,8,8
side,7,840,17,shin_near,shin,knee_near,workspace/plain-walk-v13/parts/side/shin.png,116.128370902416,200.99788292981398,-20.64386501546954,1,1.0000000000000002,5,3,10,34
side,7,840,18,ankle_joint_near,ankle,knee_near,workspace/plain-walk-v13/parts/side/ankle.png,126,227.2,0,1,1,3,3,6,6
side,7,840,19,foot_near,foot,ankle_near,workspace/plain-walk-v13/parts/side/foot.png,126,227.2,-12,1,1,7,2,22,14
side,7,840,20,neck,neck,cervical,workspace/plain-walk-v13/parts/side/neck.png,102.7985078335273,127.68102644767089,3.3664606634298013,0.875,1.2514693182963201,4,5,8,10
side,7,840,21,upper_body,upper_body,waist,workspace/plain-walk-v13/parts/side/upper_body.png,104,158.5,2,1,1,12.5,32,25,34
side,7,840,22,shoulder_joint_near,shoulder,thorax,workspace/plain-walk-v13/parts/side/shoulder.png,104,137,0,1,1,3.5,3.5,7,7
side,7,840,23,upper_arm_near,upper_arm,shoulder_near,workspace/plain-walk-v13/parts/side/upper_arm.png,104,137,10.000000000000004,1,0.9999999999999999,4.5,3,9,28
side,7,840,24,elbow_joint_near,elbow,shoulder_near,workspace/plain-walk-v13/parts/side/elbow.png,100.17974009132753,158.66577056626858,0,1,1,3,3,6,6
side,7,840,25,forearm_near,forearm,elbow_near,workspace/plain-walk-v13/parts/side/forearm.png,100.17974009132753,158.66577056626858,-12.000000000000002,1,0.9999999999999991,3.5,3,7,23
side,7,840,26,wrist_joint_near,wrist,elbow_near,workspace/plain-walk-v13/parts/side/wrist.png,103.71423883522944,175.29427977874326,0,1,1,2.5,2.5,5,5
side,7,840,27,hand_near,hand,wrist_near,workspace/plain-walk-v13/parts/side/hand.png,103.71423883522944,175.29427977874326,-2,1,1,4,2,8,9
side,7,840,28,head,head,neck,workspace/plain-walk-v13/parts/side/head.png,103.7985078335273,122.93102644767089,0,1,1,28,61,60,64
up_right,0,0,0,hip_joint_far,hip,root,workspace/plain-walk-v13/parts/up_right/hip.png,89.49461761308376,178.41812662478458,0,1,1,4,4,8,8
up_right,0,0,1,thigh_far,thigh,hip_far,workspace/plain-walk-v13/parts/up_right/thigh.png,89.49461761308376,178.41812662478458,8.860067763367162,1,0.972746055808268,7,3,14,32
up_right,0,0,2,knee_joint_far,knee,hip_far,workspace/plain-walk-v13/parts/up_right/knee.png,85.59919127740847,203.40773323810552,0,1,0.838348898411614,4,4,8,8
up_right,0,0,3,shin_far,shin,knee_far,workspace/plain-walk-v13/parts/up_right/shin.png,85.59919127740847,203.40773323810552,30.215379510912324,1,0.9279033803942661,5,3,10,34
up_right,0,0,4,ankle_joint_far,ankle,knee_far,workspace/plain-walk-v13/parts/up_right/ankle.png,72.52405486460663,225.8592026673156,0,1,1,3,3,6,6
up_right,0,0,5,foot_far,foot_toe,ankle_far,workspace/plain-walk-v13/parts/up_right/foot_toe.png,72.52405486460663,225.8592026673156,4.525483399593904,1.0164402326625872,1.0164402326625872,10.5,2,18,15
up_right,0,0,6,shoulder_joint_far,shoulder,thorax,workspace/plain-walk-v13/parts/up_right/shoulder.png,85.0266595876342,138.7349146961661,0,0.72,0.72,3.5,3.5,7,7
up_right,0,0,7,upper_arm_far,upper_arm,shoulder_far,workspace/plain-walk-v13/parts/up_right/upper_arm.png,85.0266595876342,138.7349146961661,-3.4296986794712665,-1,0.9786068302677156,4.5,3,9,28
up_right,0,0,8,elbow_joint_far,elbow,shoulder_far,workspace/plain-walk-v13/parts/up_right/elbow.png,86.31462698047872,160.225704883275,0,1,1,3,3,6,6
up_right,0,0,9,forearm_far,forearm,elbow_far,workspace/plain-walk-v13/parts/up_right/forearm.png,86.31462698047872,160.225704883275,-36.11291942869601,-1,0.75024459155715,3.5,3,7,23
up_right,0,0,10,wrist_joint_far,wrist,elbow_far,workspace/plain-walk-v13/parts/up_right/wrist.png,93.83165394850374,170.52924084387817,0,1,1,2.5,2.5,5,5
up_right,0,0,11,hand_far,hand,wrist_far,workspace/plain-walk-v13/parts/up_right/hand.png,93.83165394850374,170.52924084387817,-25.353317016580196,1,0.8476472343436179,4,2,8,9
up_right,0,0,12,shoulder_joint_near,shoulder,thorax,workspace/plain-walk-v13/parts/up_right/shoulder.png,106.97059799101307,141.2772693820261,0,0.72,0.72,3.5,3.5,7,7
up_right,0,0,13,waist_joint,waist,root,workspace/plain-walk-v13/parts/up_right/waist.png,95.50502525316942,160,0,1,1,9,5,18,10
up_right,0,0,14,lower_body,lower_body,root,workspace/plain-walk-v13/parts/up_right/lower_body.png,95.50502525316942,160,0,1,1,14,-2,28,26
up_right,0,0,15,hip_joint_near,hip,root,workspace/plain-walk-v13/parts/up_right/hip.png,101.51543289325508,180.58187337521542,0,1,1,4,4,8,8
up_right,0,0,16,shin_near,shin,knee_near,workspace/plain-walk-v13/parts/up_right/shin.png,109.70288588715856,200.18359474465686,-16.374549119310846,1,0.843945150469556,5,3,10,34
up_right,0,0,17,knee_joint_near,knee,hip_near,workspace/plain-walk-v13/parts/up_right/knee.png,109.70288588715856,200.18359474465686,0,1,0.9623167300422261,4,4,8,8
up_right,0,0,18,thigh_near,thigh,hip_near,workspace/plain-walk-v13/parts/up_right/thigh.png,101.51543289325508,180.58187337521542,-22.66983087434463,1,0.8170355811027229,7,3,14,32
up_right,0,0,19,ankle_joint_near,ankle,knee_near,workspace/plain-walk-v13/parts/up_right/ankle.png,116.36467529817259,222.85559070381646,0,1,1,3,3,6,6
up_right,0,0,20,foot_near,foot_heel,ankle_near,workspace/plain-walk-v13/parts/up_right/foot_heel.png,116.36467529817259,222.85559070381646,-3.167838379715733,0.9867417478527523,0.9867417478527523,6.5,2,18,15
up_right,0,0,21,neck,neck,cervical,workspace/plain-walk-v13/parts/up_right/neck.png,94.57266931974677,133.25700584496053,-11.689369175439191,0.875,1.8807092894960846,4,5,8,10
up_right,0,0,22,upper_body,upper_body,waist,workspace/plain-walk-v13/parts/up_right/upper_body.png,95.50502525316942,160,1.4142135623730951,1,1,16,32,32,34
up_right,0,0,23,upper_arm_near,upper_arm,shoulder_near,workspace/plain-walk-v13/parts/up_right/upper_arm.png,106.97059799101307,141.2772693820261,4.012814136068885,1,0.9479933699196522,4.5,3,9,28
up_right,0,0,24,elbow_joint_near,elbow,shoulder_near,workspace/plain-walk-v13/parts/up_right/elbow.png,105.5111141599356,162.08199381620324,0,1,1,3,3,6,6
up_right,0,0,25,forearm_near,forearm,elbow_near,workspace/plain-walk-v13/parts/up_right/forearm.png,105.5111141599356,162.08199381620324,-6.614221942968861,1,1.00670039109758,3.5,3,7,23
up_right,0,0,26,wrist_joint_near,wrist,elbow_near,workspace/plain-walk-v13/parts/up_right/wrist.png,107.48235762004143,179.08199381620324,0,1,1,2.5,2.5,5,5
up_right,0,0,27,hand_near,hand,wrist_near,workspace/plain-walk-v13/parts/up_right/hand.png,107.48235762004143,179.08199381620324,-2.555924809921374,1,0.993701432602338,4,2,8,9
up_right,0,0,28,head,head,neck,workspace/plain-walk-v13/parts/up_right/head.png,93.07266931974677,126.00700584496053,0,1,1,26,60,64,65
up_right,1,120,0,hip_joint_far,hip,root,workspace/plain-walk-v13/parts/up_right/hip.png,89.49461761308376,178.91812662478458,0,1,1,4,4,8,8
up_right,1,120,1,thigh_far,thigh,hip_far,workspace/plain-walk-v13/parts/up_right/thigh.png,89.49461761308376,178.91812662478458,-19.72202266330019,1,0.8662125049481006,7,3,14,32
up_right,1,120,2,knee_joint_far,knee,hip_far,workspace/plain-walk-v13/parts/up_right/knee.png,97.09466627527947,200.11855950840038,0,1,0.62,4,4,8,8
up_right,1,120,3,shin_far,shin,knee_far,workspace/plain-walk-v13/parts/up_right/shin.png,97.09466627527947,200.11855950840038,41.070311659127256,1,0.8744131788777485,5,3,10,34
up_right,1,120,4,ankle_joint_far,ankle,knee_far,workspace/plain-walk-v13/parts/up_right/ankle.png,81.0093362388452,218.57681806701677,0,1,1,3,3,6,6
up_right,1,120,5,foot_far,foot_swing,ankle_far,workspace/plain-walk-v13/parts/up_right/foot_swing.png,81.0093362388452,218.57681806701677,4.978031739553295,1.0037123106012293,1.0037123106012293,7.5,2,18,15
up_right,1,120,6,shoulder_joint_far,shoulder,thorax,workspace/plain-walk-v13/parts/up_right/shoulder.png,85.0266595876342,139.2349146961661,0,0.72,0.72,3.5,3.5,7,7
up_right,1,120,7,upper_arm_far,upper_arm,shoulder_far,workspace/plain-walk-v13/parts/up_right/upper_arm.png,85.0266595876342,139.2349146961661,-0.7275260756443006,-1,0.989988670019525,4.5,3,9,28
up_right,1,120,8,elbow_joint_far,elbow,shoulder_far,workspace/plain-walk-v13/parts/up_right/elbow.png,85.303205450633,161.01290966128857,0,1,1,3,3,6,6
up_right,1,120,9,forearm_far,forearm,elbow_far,workspace/plain-walk-v13/parts/up_right/forearm.png,85.303205450633,161.01290966128857,-34.05416637444969,-1,0.7646875380812319,3.5,3,7,23
up_right,1,120,10,wrist_joint_far,wrist,elbow_far,workspace/plain-walk-v13/parts/up_right/wrist.png,92.58272415460864,171.78326245809265,0,1,1,2.5,2.5,5,5
up_right,1,120,11,hand_far,hand,wrist_far,workspace/plain-walk-v13/parts/up_right/hand.png,92.58272415460864,171.78326245809265,-24.58051452719463,1,0.8533829500386773,4,2,8,9
up_right,1,120,12,shoulder_joint_near,shoulder,thorax,workspace/plain-walk-v13/parts/up_right/shoulder.png,106.97059799101307,141.7772693820261,0,0.72,0.72,3.5,3.5,7,7
up_right,1,120,13,waist_joint,waist,root,workspace/plain-walk-v13/parts/up_right/waist.png,95.50502525316942,160.5,0,1,1,9,5,18,10
up_right,1,120,14,lower_body,lower_body,root,workspace/plain-walk-v13/parts/up_right/lower_body.png,95.50502525316942,160.5,-0.35355339059327373,1,1,14,-2,28,26
up_right,1,120,15,hip_joint_near,hip,root,workspace/plain-walk-v13/parts/up_right/hip.png,101.51543289325508,181.08187337521542,0,1,1,4,4,8,8
up_right,1,120,16,shin_near,shin,knee_near,workspace/plain-walk-v13/parts/up_right/shin.png,111.06221766259006,199.59191942390433,5.494700681840261,1,0.9233948602569692,5,3,10,34
up_right,1,120,17,knee_joint_near,knee,hip_near,workspace/plain-walk-v13/parts/up_right/knee.png,111.06221766259006,199.59191942390433,0,1,0.7862946814891674,4,4,8,8
up_right,1,120,18,thigh_near,thigh,hip_near,workspace/plain-walk-v13/parts/up_right/thigh.png,101.51543289325508,181.08187337521542,-27.282979578141312,1,0.8010375152409268,7,3,14,32
up_right,1,120,19,ankle_joint_near,ankle,knee_near,workspace/plain-walk-v13/parts/up_right/ankle.png,108.58650070512056,225.32817305217168,0,1,1,3,3,6,6
up_right,1,120,20,foot_near,foot,ankle_near,workspace/plain-walk-v13/parts/up_right/foot.png,108.58650070512056,225.32817305217168,0,0.9984090097423303,0.9984090097423303,6.5,2,18,14
up_right,1,120,21,neck,neck,cervical,workspace/plain-walk-v13/parts/up_right/neck.png,94.57266931974677,133.75700584496053,-11.689369175439191,0.875,1.8807092894960846,4,5,8,10
up_right,1,120,22,upper_body,upper_body,waist,workspace/plain-walk-v13/parts/up_right/upper_body.png,95.50502525316942,160.5,1.4142135623730951,1,1,16,32,32,34
up_right,1,120,23,upper_arm_near,upper_arm,shoulder_near,workspace/plain-walk-v13/parts/up_right/upper_arm.png,106.97059799101307,141.7772693820261,1.0937966163381525,1,0.9665624618290077,4.5,3,9,28
up_right,1,120,24,elbow_joint_near,elbow,shoulder_near,workspace/plain-walk-v13/parts/up_right/elbow.png,106.56467825352489,163.03776884919108,0,1,1,3,3,6,6
up_right,1,120,25,forearm_near,forearm,elbow_near,workspace/plain-walk-v13/parts/up_right/forearm.png,106.56467825352489,163.03776884919108,-8.164519488081165,1,1.0116184365781022,3.5,3,7,23
up_right,1,120,26,wrist_joint_near,wrist,elbow_near,workspace/plain-walk-v13/parts/up_right/wrist.png,109.00700007425114,180.06097454077425,0,1,1,2.5,2.5,5,5
up_right,1,120,27,hand_near,hand,wrist_near,workspace/plain-walk-v13/parts/up_right/hand.png,109.00700007425114,180.06097454077425,-3.33555166233046,1,0.9963693144762784,4,2,8,9
up_right,1,120,28,head,head,neck,workspace/plain-walk-v13/parts/up_right/head.png,93.07266931974677,126.50700584496053,0,1,1,26,60,64,65
up_right,2,240,0,hip_joint_far,hip,root,workspace/plain-walk-v13/parts/up_right/hip.png,89.98959235991434,175.41812662478458,0,1,1,4,4,8,8
up_right,2,240,1,shin_far,shin,knee_far,workspace/plain-walk-v13/parts/up_right/shin.png,103.61708238319567,188.8440939077277,16.196563273008113,1,0.9300128707318185,5,3,10,34
up_right,2,240,2,knee_joint_far,knee,hip_far,workspace/plain-walk-v13/parts/up_right/knee.png,103.61708238319567,188.8440939077277,0,1,0.62,4,4,8,8
up_right,2,240,3,thigh_far,thigh,hip_far,workspace/plain-walk-v13/parts/up_right/thigh.png,89.98959235991434,175.41812662478458,-45.42679162259088,1,0.73577745563911,7,3,14,32
up_right,2,240,4,ankle_joint_far,ankle,knee_far,workspace/plain-walk-v13/parts/up_right/ankle.png,96.35355339059326,213.85092328131014,0,1,1,3,3,6,6
up_right,2,240,5,foot_far,foot,ankle_far,workspace/plain-walk-v13/parts/up_right/foot.png,96.35355339059326,213.85092328131014,-1.3576450198781715,0.9814384469938531,0.9814384469938531,6.5,2,18,14
up_right,2,240,6,shoulder_joint_far,shoulder,thorax,workspace/plain-walk-v13/parts/up_right/shoulder.png,85.52163433446478,135.7349146961661,0,0.72,0.72,3.5,3.5,7,7
up_right,2,240,7,upper_arm_far,upper_arm,shoulder_far,workspace/plain-walk-v13/parts/up_right/upper_arm.png,85.52163433446478,135.7349146961661,5.978867458226173,-1,1.0068418766734988,4.5,3,9,28
up_right,2,240,8,elbow_joint_far,elbow,shoulder_far,workspace/plain-walk-v13/parts/up_right/elbow.png,83.21439961655705,157.76494559115608,0,1,1,3,3,6,6
up_right,2,240,9,forearm_far,forearm,elbow_far,workspace/plain-walk-v13/parts/up_right/forearm.png,83.21439961655705,157.76494559115608,-16.622553816036373,-1,0.8982063034845988,3.5,3,7,23
up_right,2,240,10,wrist_joint_far,wrist,elbow_far,workspace/plain-walk-v13/parts/up_right/wrist.png,87.58248000443636,172.39634069248015,0,1,1,2.5,2.5,5,5
up_right,2,240,11,hand_far,hand,wrist_far,workspace/plain-walk-v13/parts/up_right/hand.png,87.58248000443636,172.39634069248015,-11.57468303934748,1,0.9444811398338556,4,2,8,9
up_right,2,240,12,shoulder_joint_near,shoulder,thorax,workspace/plain-walk-v13/parts/up_right/shoulder.png,107.46557273784364,138.2772693820261,0,0.72,0.72,3.5,3.5,7,7
up_right,2,240,13,waist_joint,waist,root,workspace/plain-walk-v13/parts/up_right/waist.png,96,157,0,1,1,9,5,18,10
up_right,2,240,14,lower_body,lower_body,root,workspace/plain-walk-v13/parts/up_right/lower_body.png,96,157,-0.565685424949238,1,1,14,-2,28,26
up_right,2,240,15,hip_joint_near,hip,root,workspace/plain-walk-v13/parts/up_right/hip.png,102.01040764008566,177.58187337521542,0,1,1,4,4,8,8
up_right,2,240,16,thigh_near,thigh,hip_near,workspace/plain-walk-v13/parts/up_right/thigh.png,102.01040764008566,177.58187337521542,-4.440127957883016,1,0.8991225844244699,7,3,14,32
up_right,2,240,17,knee_joint_near,knee,hip_near,workspace/plain-walk-v13/parts/up_right/knee.png,103.82020659024194,200.888900403813,0,1,0.9165501776911714,4,4,8,8
up_right,2,240,18,shin_near,shin,knee_near,workspace/plain-walk-v13/parts/up_right/shin.png,103.82020659024194,200.888900403813,7.11906423205679,1,0.9290871385800863,5,3,10,34
up_right,2,240,19,ankle_joint_near,ankle,knee_near,workspace/plain-walk-v13/parts/up_right/ankle.png,100.59619407771257,226.7027886347983,0,1,1,3,3,6,6
up_right,2,240,20,foot_near,foot,ankle_near,workspace/plain-walk-v13/parts/up_right/foot.png,100.59619407771257,226.7027886347983,0,1.011136931803688,1.011136931803688,6.5,2,18,14
up_right,2,240,21,neck,neck,cervical,workspace/plain-walk-v13/parts/up_right/neck.png,95.06764406657734,130.25700584496053,-11.689369175439191,0.875,1.8807092894960846,4,5,8,10
up_right,2,240,22,upper_body,upper_body,waist,workspace/plain-walk-v13/parts/up_right/upper_body.png,96,157,1.4142135623730951,1,1,16,32,32,34
up_right,2,240,23,upper_arm_near,upper_arm,shoulder_near,workspace/plain-walk-v13/parts/up_right/upper_arm.png,107.46557273784364,138.2772693820261,-5.25391646312662,1,0.9998697481198349,4.5,3,9,28
up_right,2,240,24,elbow_joint_near,elbow,shoulder_near,workspace/plain-walk-v13/parts/up_right/elbow.png,109.47984345228593,160.18198663380244,0,1,1,3,3,6,6
up_right,2,240,25,forearm_near,forearm,elbow_near,workspace/plain-walk-v13/parts/up_right/forearm.png,109.47984345228593,160.18198663380244,-19.11071812320754,1,1.029586704887949,3.5,3,7,23
up_right,2,240,26,wrist_joint_near,wrist,elbow_near,workspace/plain-walk-v13/parts/up_right/wrist.png,115.21022369605247,176.72033118562368,0,1,1,2.5,2.5,5,5
up_right,2,240,27,hand_near,hand,wrist_near,workspace/plain-walk-v13/parts/up_right/hand.png,115.21022369605247,176.72033118562368,-12.733124854961403,1,1.0211092637278296,4,2,8,9
up_right,2,240,28,head,head,neck,workspace/plain-walk-v13/parts/up_right/head.png,93.56764406657734,123.00700584496053,0,1,1,26,60,64,65
up_right,3,360,0,hip_joint_far,hip,root,workspace/plain-walk-v13/parts/up_right/hip.png,90.48456710674492,176.91812662478458,0,1,1,4,4,8,8
up_right,3,360,1,shin_far,shin,knee_far,workspace/plain-walk-v13/parts/up_right/shin.png,99.06062041658888,196.27152998854336,-17.198217429829672,1,0.8431334202779643,5,3,10,34
up_right,3,360,2,knee_joint_far,knee,hip_far,workspace/plain-walk-v13/parts/up_right/knee.png,99.06062041658888,196.27152998854336,0,1,0.9602116088195735,4,4,8,8
up_right,3,360,3,thigh_far,thigh,hip_far,workspace/plain-walk-v13/parts/up_right/thigh.png,90.48456710674492,176.91812662478458,-23.899518513396366,1,0.814170823829496,7,3,14,32
up_right,3,360,4,ankle_joint_far,ankle,knee_far,workspace/plain-walk-v13/parts/up_right/ankle.png,106.04091629284896,218.8237063261239,0,1,1,3,3,6,6
up_right,3,360,5,foot_far,foot_heel,ankle_far,workspace/plain-walk-v13/parts/up_right/foot_heel.png,106.04091629284896,218.8237063261239,-2.715290039756343,0.9676498647607155,0.9676498647607155,6.5,2,18,15
up_right,3,360,6,shoulder_joint_far,shoulder,thorax,workspace/plain-walk-v13/parts/up_right/shoulder.png,86.01660908129536,137.2349146961661,0,0.72,0.72,3.5,3.5,7,7
up_right,3,360,7,upper_arm_far,upper_arm,shoulder_far,workspace/plain-walk-v13/parts/up_right/upper_arm.png,86.01660908129536,137.2349146961661,14.456172566347684,-1,1.0068631424134358,4.5,3,9,28
up_right,3,360,8,elbow_joint_far,elbow,shoulder_far,workspace/plain-walk-v13/parts/up_right/elbow.png,80.48685026923177,158.6845787274493,0,1,1,3,3,6,6
up_right,3,360,9,forearm_far,forearm,elbow_far,workspace/plain-walk-v13/parts/up_right/forearm.png,80.48685026923177,158.6845787274493,-1.3106475843216665,-1,0.9901679137908327,3.5,3,7,23
up_right,3,360,10,wrist_joint_far,wrist,elbow_far,workspace/plain-walk-v13/parts/up_right/wrist.png,80.87187018358982,175.51302938231663,0,1,1,2.5,2.5,5,5
up_right,3,360,11,hand_far,hand,wrist_far,workspace/plain-walk-v13/parts/up_right/hand.png,80.87187018358982,175.51302938231663,1.4702462738614932,1,1.0003049129808141,4,2,8,9
up_right,3,360,12,shoulder_joint_near,shoulder,thorax,workspace/plain-walk-v13/parts/up_right/shoulder.png,107.96054748467422,139.7772693820261,0,0.72,0.72,3.5,3.5,7,7
up_right,3,360,13,waist_joint,waist,root,workspace/plain-walk-v13/parts/up_right/waist.png,96.49497474683058,158.5,0,1,1,9,5,18,10
up_right,3,360,14,lower_body,lower_body,root,workspace/plain-walk-v13/parts/up_right/lower_body.png,96.49497474683058,158.5,-0.35355339059327373,1,1,14,-2,28,26
up_right,3,360,15,hip_joint_near,hip,root,workspace/plain-walk-v13/parts/up_right/hip.png,102.50538238691624,179.08187337521542,0,1,1,4,4,8,8
up_right,3,360,16,thigh_near,thigh,hip_near,workspace/plain-walk-v13/parts/up_right/thigh.png,102.50538238691624,179.08187337521542,1.5018308976108454,1,0.9211306049385081,7,3,14,32
up_right,3,360,17,knee_joint_near,knee,hip_near,workspace/plain-walk-v13/parts/up_right/knee.png,101.87769524797244,203.02304219821082,0,1,0.8427267350040312,4,4,8,8
up_right,3,360,18,shin_near,shin,knee_near,workspace/plain-walk-v13/parts/up_right/shin.png,101.87769524797244,203.02304219821082,22.600197703366558,1,0.9273775430412481,5,3,10,34
up_right,3,360,19,ankle_joint_near,ankle,knee_near,workspace/plain-walk-v13/parts/up_right/ankle.png,91.89878066911803,226.99561160535424,0,1,1,3,3,6,6
up_right,3,360,20,foot_near,foot_toe,ankle_near,workspace/plain-walk-v13/parts/up_right/foot_toe.png,91.89878066911803,226.99561160535424,1.810193359837562,1.0249255140368259,1.0249255140368259,10.5,2,18,15
up_right,3,360,21,neck,neck,cervical,workspace/plain-walk-v13/parts/up_right/neck.png,95.56261881340792,131.75700584496053,-11.689369175439191,0.875,1.8807092894960846,4,5,8,10
up_right,3,360,22,upper_body,upper_body,waist,workspace/plain-walk-v13/parts/up_right/upper_body.png,96.49497474683058,158.5,1.4142135623730951,1,1,16,32,32,34
up_right,3,360,23,upper_arm_near,upper_arm,shoulder_near,workspace/plain-walk-v13/parts/up_right/upper_arm.png,107.96054748467422,139.7772693820261,-13.02574975994811,1,1.0245024958246978,4.5,3,9,28
up_right,3,360,24,elbow_joint_near,elbow,shoulder_near,workspace/plain-walk-v13/parts/up_right/elbow.png,113.040600979502,161.73636892280848,0,1,1,3,3,6,6
up_right,3,360,25,forearm_near,forearm,elbow_near,workspace/plain-walk-v13/parts/up_right/forearm.png,113.040600979502,161.73636892280848,-34.932886082952585,1,1.0036769872020255,3.5,3,7,23
up_right,3,360,26,wrist_joint_near,wrist,elbow_near,workspace/plain-walk-v13/parts/up_right/wrist.png,122.81087541674016,175.72461196372333,0,1,1,2.5,2.5,5,5
up_right,3,360,27,hand_near,hand,wrist_near,workspace/plain-walk-v13/parts/up_right/hand.png,122.81087541674016,175.72461196372333,-25.614866528389527,1,1.0165990727661585,4,2,8,9
up_right,3,360,28,head,head,neck,workspace/plain-walk-v13/parts/up_right/head.png,94.06261881340792,124.50700584496053,0,1,1,26,60,64,65
up_right,4,480,0,hip_joint_far,hip,root,workspace/plain-walk-v13/parts/up_right/hip.png,90.48456710674492,178.41812662478458,0,1,1,4,4,8,8
up_right,4,480,1,shin_far,shin,knee_far,workspace/plain-walk-v13/parts/up_right/shin.png,98.6720201006484,198.13169553016414,-16.288397658670817,1,0.8482870268901841,5,3,10,34
up_right,4,480,2,knee_joint_far,knee,hip_far,workspace/plain-walk-v13/parts/up_right/knee.png,98.6720201006484,198.13169553016414,0,1,0.9623167300422261,4,4,8,8
up_right,4,480,3,thigh_far,thigh,hip_far,workspace/plain-walk-v13/parts/up_right/thigh.png,90.48456710674492,178.41812662478458,-22.55412276821967,1,0.8210067293132879,7,3,14,32
up_right,4,480,4,ankle_joint_far,ankle,knee_far,workspace/plain-walk-v13/parts/up_right/ankle.png,105.33380951166242,220.930375574316,0,1,1,3,3,6,6
up_right,4,480,5,foot_far,foot_heel,ankle_far,workspace/plain-walk-v13/parts/up_right/foot_heel.png,105.33380951166242,220.930375574316,-3.167838379715733,0.9687105249324953,0.9687105249324953,6.5,2,18,15
up_right,4,480,6,shoulder_joint_far,shoulder,thorax,workspace/plain-walk-v13/parts/up_right/shoulder.png,86.01660908129536,138.7349146961661,0,0.72,0.72,3.5,3.5,7,7
up_right,4,480,7,upper_arm_far,upper_arm,shoulder_far,workspace/plain-walk-v13/parts/up_right/upper_arm.png,86.01660908129536,138.7349146961661,18.88345511468061,-1,0.9994614525649577,4.5,3,9,28
up_right,4,480,8,elbow_joint_far,elbow,shoulder_far,workspace/plain-walk-v13/parts/up_right/elbow.png,78.90027100072552,159.53963913034323,0,1,1,3,3,6,6
up_right,4,480,9,forearm_far,forearm,elbow_far,workspace/plain-walk-v13/parts/up_right/forearm.png,78.90027100072552,159.53963913034323,6.614221942968861,-1,1.00670039109758,3.5,3,7,23
up_right,4,480,10,wrist_joint_far,wrist,elbow_far,workspace/plain-walk-v13/parts/up_right/wrist.png,76.9290275406197,176.53963913034323,0,1,1,2.5,2.5,5,5
up_right,4,480,11,hand_far,hand,wrist_far,workspace/plain-walk-v13/parts/up_right/hand.png,76.9290275406197,176.53963913034323,8.75099194697399,1,1.004405274319011,4,2,8,9
up_right,4,480,12,shoulder_joint_near,shoulder,thorax,workspace/plain-walk-v13/parts/up_right/shoulder.png,107.96054748467422,141.2772693820261,0,0.72,0.72,3.5,3.5,7,7
up_right,4,480,13,waist_joint,waist,root,workspace/plain-walk-v13/parts/up_right/waist.png,96.49497474683058,160,0,1,1,9,5,18,10
up_right,4,480,14,lower_body,lower_body,root,workspace/plain-walk-v13/parts/up_right/lower_body.png,96.49497474683058,160,0,1,1,14,-2,28,26
up_right,4,480,15,hip_joint_near,hip,root,workspace/plain-walk-v13/parts/up_right/hip.png,102.50538238691624,180.58187337521542,0,1,1,4,4,8,8
up_right,4,480,16,thigh_near,thigh,hip_near,workspace/plain-walk-v13/parts/up_right/thigh.png,102.50538238691624,180.58187337521542,8.906417442545015,1,0.9677243328001593,7,3,14,32
up_right,4,480,17,knee_joint_near,knee,hip_near,workspace/plain-walk-v13/parts/up_right/knee.png,98.60995605124094,205.43933007226596,0,1,0.838348898411614,4,4,8,8
up_right,4,480,18,shin_near,shin,knee_near,workspace/plain-walk-v13/parts/up_right/shin.png,98.60995605124094,205.43933007226596,30.337179749023353,1,0.9245306926254278,5,3,10,34
up_right,4,480,19,ankle_joint_near,ankle,knee_near,workspace/plain-walk-v13/parts/up_right/ankle.png,85.5348196384391,227.78144942218626,0,1,1,3,3,6,6
up_right,4,480,20,foot_near,foot_toe,ankle_near,workspace/plain-walk-v13/parts/up_right/foot_toe.png,85.5348196384391,227.78144942218626,4.525483399593904,1.0344714555828443,1.0344714555828443,10.5,2,18,15
up_right,4,480,21,neck,neck,cervical,workspace/plain-walk-v13/parts/up_right/neck.png,95.56261881340792,133.25700584496053,-11.689369175439191,0.875,1.8807092894960846,4,5,8,10
up_right,4,480,22,upper_body,upper_body,waist,workspace/plain-walk-v13/parts/up_right/upper_body.png,96.49497474683058,160,1.4142135623730951,1,1,16,32,32,34
up_right,4,480,23,upper_arm_near,upper_arm,shoulder_near,workspace/plain-walk-v13/parts/up_right/upper_arm.png,107.96054748467422,141.2772693820261,-18.732580953211805,1,1.0314946292405038,4.5,3,9,28
up_right,4,480,24,elbow_joint_near,elbow,shoulder_near,workspace/plain-walk-v13/parts/up_right/elbow.png,115.248402003477,162.768059569135,0,1,1,3,3,6,6
up_right,4,480,25,forearm_near,forearm,elbow_near,workspace/plain-walk-v13/parts/up_right/forearm.png,115.248402003477,162.768059569135,-50.30843672725432,1,0.9490112948185403,3.5,3,7,23
up_right,4,480,26,wrist_joint_near,wrist,elbow_near,workspace/plain-walk-v13/parts/up_right/wrist.png,127.66279007546352,173.07159552973818,0,1,1,2.5,2.5,5,5
up_right,4,480,27,hand_near,hand,wrist_near,workspace/plain-walk-v13/parts/up_right/hand.png,127.66279007546352,173.07159552973818,-38.43219545110405,1,0.9778658598634846,4,2,8,9
up_right,4,480,28,head,head,neck,workspace/plain-walk-v13/parts/up_right/head.png,94.06261881340792,126.00700584496053,0,1,1,26,60,64,65
up_right,5,600,0,hip_joint_far,hip,root,workspace/plain-walk-v13/parts/up_right/hip.png,90.48456710674492,178.91812662478458,0,1,1,4,4,8,8
up_right,5,600,1,shin_far,shin,knee_far,workspace/plain-walk-v13/parts/up_right/shin.png,100.0313518760799,197.5243285469573,5.469308525168039,1,0.9276687514727652,5,3,10,34
up_right,5,600,2,knee_joint_far,knee,hip_far,workspace/plain-walk-v13/parts/up_right/knee.png,100.0313518760799,197.5243285469573,0,1,0.7862946814891674,4,4,8,8
up_right,5,600,3,thigh_far,thigh,hip_far,workspace/plain-walk-v13/parts/up_right/thigh.png,90.48456710674492,178.91812662478458,-27.162219288619426,1,0.804326181112049,7,3,14,32
up_right,5,600,4,ankle_joint_far,ankle,knee_far,workspace/plain-walk-v13/parts/up_right/ankle.png,97.5556349186104,223.38080097678392,0,1,1,3,3,6,6
up_right,5,600,5,foot_far,foot,ankle_far,workspace/plain-walk-v13/parts/up_right/foot.png,97.5556349186104,223.38080097678392,0,0.9803777868220733,0.9803777868220733,6.5,2,18,14
up_right,5,600,6,shoulder_joint_far,shoulder,thorax,workspace/plain-walk-v13/parts/up_right/shoulder.png,86.01660908129536,139.2349146961661,0,0.72,0.72,3.5,3.5,7,7
up_right,5,600,7,upper_arm_far,upper_arm,shoulder_far,workspace/plain-walk-v13/parts/up_right/upper_arm.png,86.01660908129536,139.2349146961661,15.916354112764374,-1,1.0049115601999061,4.5,3,9,28
up_right,5,600,8,elbow_joint_far,elbow,shoulder_far,workspace/plain-walk-v13/parts/up_right/elbow.png,79.9538350943148,160.49541416333108,0,1,1,3,3,6,6
up_right,5,600,9,forearm_far,forearm,elbow_far,workspace/plain-walk-v13/parts/up_right/forearm.png,79.9538350943148,160.49541416333108,5.380365040366011,-1,1.0057964222474116,3.5,3,7,23
up_right,5,600,10,wrist_joint_far,wrist,elbow_far,workspace/plain-walk-v13/parts/up_right/wrist.png,78.35055408005196,177.51861985491425,0,1,1,2.5,2.5,5,5
up_right,5,600,11,hand_far,hand,wrist_far,workspace/plain-walk-v13/parts/up_right/hand.png,78.35055408005196,177.51861985491425,8.254850151648741,1,1.0050949223412105,4,2,8,9
up_right,5,600,12,shoulder_joint_near,shoulder,thorax,workspace/plain-walk-v13/parts/up_right/shoulder.png,107.96054748467422,141.7772693820261,0,0.72,0.72,3.5,3.5,7,7
up_right,5,600,13,waist_joint,waist,root,workspace/plain-walk-v13/parts/up_right/waist.png,96.49497474683058,160.5,0,1,1,9,5,18,10
up_right,5,600,14,lower_body,lower_body,root,workspace/plain-walk-v13/parts/up_right/lower_body.png,96.49497474683058,160.5,0.35355339059327373,1,1,14,-2,28,26
up_right,5,600,15,hip_joint_near,hip,root,workspace/plain-walk-v13/parts/up_right/hip.png,102.50538238691624,181.08187337521542,0,1,1,4,4,8,8
up_right,5,600,16,thigh_near,thigh,hip_near,workspace/plain-walk-v13/parts/up_right/thigh.png,102.50538238691624,181.08187337521542,-19.848206713923872,1,0.8609255699441835,7,3,14,32
up_right,5,600,17,knee_joint_near,knee,hip_near,workspace/plain-walk-v13/parts/up_right/knee.png,110.10543104911194,202.1362225252901,0,1,0.62,4,4,8,8
up_right,5,600,18,shin_near,shin,knee_near,workspace/plain-walk-v13/parts/up_right/shin.png,110.10543104911194,202.1362225252901,41.22567270224268,1,0.8717040145885394,5,3,10,34
up_right,5,600,19,ankle_joint_near,ankle,knee_near,workspace/plain-walk-v13/parts/up_right/ankle.png,94.02010101267767,220.4937436715127,0,1,1,3,3,6,6
up_right,5,600,20,foot_near,foot_swing,ankle_near,workspace/plain-walk-v13/parts/up_right/foot_swing.png,94.02010101267767,220.4937436715127,4.978031739553295,1.0217435335214864,1.0217435335214864,7.5,2,18,15
up_right,5,600,21,neck,neck,cervical,workspace/plain-walk-v13/parts/up_right/neck.png,95.56261881340792,133.75700584496053,-11.689369175439191,0.875,1.8807092894960846,4,5,8,10
up_right,5,600,22,upper_body,upper_body,waist,workspace/plain-walk-v13/parts/up_right/upper_body.png,96.49497474683058,160.5,1.4142135623730951,1,1,16,32,32,34
up_right,5,600,23,upper_arm_near,upper_arm,shoulder_near,workspace/plain-walk-v13/parts/up_right/upper_arm.png,107.96054748467422,141.7772693820261,-15.872067018224525,1,1.0291452762694788,4.5,3,9,28
up_right,5,600,24,elbow_joint_near,elbow,shoulder_near,workspace/plain-walk-v13/parts/up_right/elbow.png,114.15269534614414,163.55526434714858,0,1,1,3,3,6,6
up_right,5,600,25,forearm_near,forearm,elbow_near,workspace/plain-walk-v13/parts/up_right/forearm.png,114.15269534614414,163.55526434714858,-48.49275748327882,1,0.9559922994731432,3.5,3,7,23
up_right,5,600,26,wrist_joint_near,wrist,elbow_near,workspace/plain-walk-v13/parts/up_right/wrist.png,126.32326433796977,174.32561714395266,0,1,1,2.5,2.5,5,5
up_right,5,600,27,hand_near,hand,wrist_near,workspace/plain-walk-v13/parts/up_right/hand.png,126.32326433796977,174.32561714395266,-37.68788738458921,1,0.9806591538782147,4,2,8,9
up_right,5,600,28,head,head,neck,workspace/plain-walk-v13/parts/up_right/head.png,94.06261881340792,126.50700584496053,0,1,1,26,60,64,65
up_right,6,720,0,hip_joint_far,hip,root,workspace/plain-walk-v13/parts/up_right/hip.png,89.98959235991434,175.41812662478458,0,1,1,4,4,8,8
up_right,6,720,1,thigh_far,thigh,hip_far,workspace/plain-walk-v13/parts/up_right/thigh.png,89.98959235991434,175.41812662478458,-4.420360718108327,1,0.9031353018016463,7,3,14,32
up_right,6,720,2,knee_joint_far,knee,hip_far,workspace/plain-walk-v13/parts/up_right/knee.png,91.79939131007062,198.8297969656981,0,1,0.9165501776911714,4,4,8,8
up_right,6,720,3,shin_far,shin,knee_far,workspace/plain-walk-v13/parts/up_right/shin.png,91.79939131007062,198.8297969656981,7.088696072250983,1,0.9330469124405477,5,3,10,34
up_right,6,720,4,ankle_joint_far,ankle,knee_far,workspace/plain-walk-v13/parts/up_right/ankle.png,88.57537879754125,224.75541655941058,0,1,1,3,3,6,6
up_right,6,720,5,foot_far,foot,ankle_far,workspace/plain-walk-v13/parts/up_right/foot.png,88.57537879754125,224.75541655941058,0,0.9931057088834312,0.9931057088834312,6.5,2,18,14
up_right,6,720,6,hip_joint_near,hip,root,workspace/plain-walk-v13/parts/up_right/hip.png,102.01040764008566,177.58187337521542,0,1,1,4,4,8,8
up_right,6,720,7,shin_near,shin,knee_near,workspace/plain-walk-v13/parts/up_right/shin.png,115.63789766336699,190.92028367251746,16.277153289472082,1,0.9255319001535446,5,3,10,34
up_right,6,720,8,knee_joint_near,knee,hip_near,workspace/plain-walk-v13/parts/up_right/knee.png,115.63789766336699,190.92028367251746,0,1,0.62,4,4,8,8
up_right,6,720,9,thigh_near,thigh,hip_near,workspace/plain-walk-v13/parts/up_right/thigh.png,102.01040764008566,177.58187337521542,-45.61419843575659,1,0.7334179463406281,7,3,14,32
up_right,6,720,10,ankle_joint_near,ankle,knee_near,workspace/plain-walk-v13/parts/up_right/ankle.png,108.37436867076458,215.79643362309983,0,1,1,3,3,6,6
up_right,6,720,11,foot_near,foot,ankle_near,workspace/plain-walk-v13/parts/up_right/foot.png,108.37436867076458,215.79643362309983,-1.3576450198781715,0.9994696699141101,0.9994696699141101,6.5,2,18,14
up_right,6,720,12,shoulder_joint_far,shoulder,thorax,workspace/plain-walk-v13/parts/up_right/shoulder.png,85.52163433446478,135.7349146961661,0,0.72,0.72,3.5,3.5,7,7
up_right,6,720,13,upper_arm_far,upper_arm,shoulder_far,workspace/plain-walk-v13/parts/up_right/upper_arm.png,85.52163433446478,135.7349146961661,9.441445234476488,-1,1.0093417508558908,4.5,3,9,28
up_right,6,720,14,elbow_joint_far,elbow,shoulder_far,workspace/plain-walk-v13/parts/up_right/elbow.png,81.8790507994147,157.6396319479424,0,1,1,3,3,6,6
up_right,6,720,15,forearm_far,forearm,elbow_far,workspace/plain-walk-v13/parts/up_right/forearm.png,81.8790507994147,157.6396319479424,-4.490071094104025,-1,0.9758387290686599,3.5,3,7,23
up_right,6,720,16,wrist_joint_far,wrist,elbow_far,workspace/plain-walk-v13/parts/up_right/wrist.png,83.17776306688977,174.1779764997637,0,1,1,2.5,2.5,5,5
up_right,6,720,17,hand_far,hand,wrist_far,workspace/plain-walk-v13/parts/up_right/hand.png,83.17776306688977,174.1779764997637,-0.20015862114913222,1,0.9960034866512464,4,2,8,9
up_right,6,720,18,shoulder_joint_near,shoulder,thorax,workspace/plain-walk-v13/parts/up_right/shoulder.png,107.46557273784364,138.2772693820261,0,0.72,0.72,3.5,3.5,7,7
up_right,6,720,19,waist_joint,waist,root,workspace/plain-walk-v13/parts/up_right/waist.png,96,157,0,1,1,9,5,18,10
up_right,6,720,20,lower_body,lower_body,root,workspace/plain-walk-v13/parts/up_right/lower_body.png,96,157,0.565685424949238,1,1,14,-2,28,26
up_right,6,720,21,neck,neck,cervical,workspace/plain-walk-v13/parts/up_right/neck.png,95.06764406657734,130.25700584496053,-11.689369175439191,0.875,1.8807092894960846,4,5,8,10
up_right,6,720,22,upper_body,upper_body,waist,workspace/plain-walk-v13/parts/up_right/upper_body.png,96,157,1.4142135623730951,1,1,16,32,32,34
up_right,6,720,23,upper_arm_near,upper_arm,shoulder_near,workspace/plain-walk-v13/parts/up_right/upper_arm.png,107.46557273784364,138.2772693820261,-8.75585900724959,1,1.0131726055745172,4.5,3,9,28
up_right,6,720,24,elbow_joint_near,elbow,shoulder_near,workspace/plain-walk-v13/parts/up_right/elbow.png,110.85862496999815,160.30730027701608,0,1,1,3,3,6,6
up_right,6,720,25,forearm_near,forearm,elbow_near,workspace/plain-walk-v13/parts/up_right/forearm.png,110.85862496999815,160.30730027701608,-31.811254858853257,1,1.0128045121773914,3.5,3,7,23
up_right,6,720,26,wrist_joint_near,wrist,elbow_near,workspace/plain-walk-v13/parts/up_right/wrist.png,119.93445377932787,174.93869537834016,0,1,1,2.5,2.5,5,5
up_right,6,720,27,hand_near,hand,wrist_near,workspace/plain-walk-v13/parts/up_right/hand.png,119.93445377932787,174.93869537834016,-24.664945092121876,1,1.0181680964039557,4,2,8,9
up_right,6,720,28,head,head,neck,workspace/plain-walk-v13/parts/up_right/head.png,93.56764406657734,123.00700584496053,0,1,1,26,60,64,65
up_right,7,840,0,hip_joint_far,hip,root,workspace/plain-walk-v13/parts/up_right/hip.png,89.49461761308376,176.91812662478458,0,1,1,4,4,8,8
up_right,7,840,1,thigh_far,thigh,hip_far,workspace/plain-walk-v13/parts/up_right/thigh.png,89.49461761308376,176.91812662478458,1.494159691309236,1,0.9258587265024674,7,3,14,32
up_right,7,840,2,knee_joint_far,knee,hip_far,workspace/plain-walk-v13/parts/up_right/knee.png,88.86693047413996,200.98226863545193,0,1,0.8427267350040312,4,4,8,8
up_right,7,840,3,shin_far,shin,knee_far,workspace/plain-walk-v13/parts/up_right/shin.png,88.86693047413996,200.98226863545193,22.503543099452312,1,0.9311524323876094,5,3,10,34
up_right,7,840,4,ankle_joint_far,ankle,knee_far,workspace/plain-walk-v13/parts/up_right/ankle.png,78.88801589528555,225.06928646795984,0,1,1,3,3,6,6
up_right,7,840,5,foot_far,foot_toe,ankle_far,workspace/plain-walk-v13/parts/up_right/foot_toe.png,78.88801589528555,225.06928646795984,1.810193359837562,1.0068942911165688,1.0068942911165688,10.5,2,18,15
up_right,7,840,6,shoulder_joint_far,shoulder,thorax,workspace/plain-walk-v13/parts/up_right/shoulder.png,85.0266595876342,137.2349146961661,0,0.72,0.72,3.5,3.5,7,7
up_right,7,840,7,upper_arm_far,upper_arm,shoulder_far,workspace/plain-walk-v13/parts/up_right/upper_arm.png,85.0266595876342,137.2349146961661,1.95615017358614,-1,0.9987229002278112,4.5,3,9,28
up_right,7,840,8,elbow_joint_far,elbow,shoulder_far,workspace/plain-walk-v13/parts/up_right/elbow.png,84.2766568045018,159.19401423694845,0,1,1,3,3,6,6
up_right,7,840,9,forearm_far,forearm,elbow_far,workspace/plain-walk-v13/parts/up_right/forearm.png,84.2766568045018,159.19401423694845,-19.78242615850567,-1,0.8744434350406118,3.5,3,7,23
up_right,7,840,10,wrist_joint_far,wrist,elbow_far,workspace/plain-walk-v13/parts/up_right/wrist.png,89.3078881072786,173.18225727786336,0,1,1,2.5,2.5,5,5
up_right,7,840,11,hand_far,hand,wrist_far,workspace/plain-walk-v13/parts/up_right/hand.png,89.3078881072786,173.18225727786336,-12.459412476937889,1,0.938797648766002,4,2,8,9
up_right,7,840,12,shoulder_joint_near,shoulder,thorax,workspace/plain-walk-v13/parts/up_right/shoulder.png,106.97059799101307,139.7772693820261,0,0.72,0.72,3.5,3.5,7,7
up_right,7,840,13,waist_joint,waist,root,workspace/plain-walk-v13/parts/up_right/waist.png,95.50502525316942,158.5,0,1,1,9,5,18,10
up_right,7,840,14,lower_body,lower_body,root,workspace/plain-walk-v13/parts/up_right/lower_body.png,95.50502525316942,158.5,0.35355339059327373,1,1,14,-2,28,26
up_right,7,840,15,hip_joint_near,hip,root,workspace/plain-walk-v13/parts/up_right/hip.png,101.51543289325508,179.08187337521542,0,1,1,4,4,8,8
up_right,7,840,16,shin_near,shin,knee_near,workspace/plain-walk-v13/parts/up_right/shin.png,110.09148620309904,198.32403308427035,-17.28963807347516,1,0.8388103468761073,5,3,10,34
up_right,7,840,17,knee_joint_near,knee,hip_near,workspace/plain-walk-v13/parts/up_right/knee.png,110.09148620309904,198.32403308427035,0,1,0.9602116088195735,4,4,8,8
up_right,7,840,18,thigh_near,thigh,hip_near,workspace/plain-walk-v13/parts/up_right/thigh.png,101.51543289325508,179.08187337521542,-24.022092568014045,1,0.8102609345234938,7,3,14,32
up_right,7,840,19,ankle_joint_near,ankle,knee_near,workspace/plain-walk-v13/parts/up_right/ankle.png,117.07178207935912,220.74946648326124,0,1,1,3,3,6,6
up_right,7,840,20,foot_near,foot_heel,ankle_near,workspace/plain-walk-v13/parts/up_right/foot_heel.png,117.07178207935912,220.74946648326124,-2.715290039756343,0.9856810876809724,0.9856810876809724,6.5,2,18,15
up_right,7,840,21,neck,neck,cervical,workspace/plain-walk-v13/parts/up_right/neck.png,94.57266931974677,131.75700584496053,-11.689369175439191,0.875,1.8807092894960846,4,5,8,10
up_right,7,840,22,upper_body,upper_body,waist,workspace/plain-walk-v13/parts/up_right/upper_body.png,95.50502525316942,158.5,1.4142135623730951,1,1,16,32,32,34
up_right,7,840,23,upper_arm_near,upper_arm,shoulder_near,workspace/plain-walk-v13/parts/up_right/upper_arm.png,106.97059799101307,139.7772693820261,-0.3394900232235729,1,0.9750018439324998,4.5,3,9,28
up_right,7,840,24,elbow_joint_near,elbow,shoulder_near,workspace/plain-walk-v13/parts/up_right/elbow.png,107.09769342844184,161.2269334133093,0,1,1,3,3,6,6
up_right,7,840,25,forearm_near,forearm,elbow_near,workspace/plain-walk-v13/parts/up_right/forearm.png,107.09769342844184,161.2269334133093,-15.33095269597973,1,1.0264348260544451,3.5,3,7,23
up_right,7,840,26,wrist_joint_near,wrist,elbow_near,workspace/plain-walk-v13/parts/up_right/wrist.png,111.71120957390055,178.05538406817666,0,1,1,2.5,2.5,5,5
up_right,7,840,27,hand_near,hand,wrist_near,workspace/plain-walk-v13/parts/up_right/hand.png,111.71120957390055,178.05538406817666,-10.523521080808328,1,1.0170829176011897,4,2,8,9
up_right,7,840,28,head,head,neck,workspace/plain-walk-v13/parts/up_right/head.png,93.07266931974677,124.50700584496053,0,1,1,26,60,64,65
back,0,0,0,hip_joint_near,hip,root,workspace/plain-walk-v13/parts/back/hip.png,103.8,179.5,0,1,1,4,4,8,8
back,0,0,1,shin_near,shin,knee_near,workspace/plain-walk-v13/parts/back/shin.png,103.8,198.70834048803061,0,1,0.8007556968560497,5,3,10,34
back,0,0,2,knee_joint_near,knee,hip_near,workspace/plain-walk-v13/parts/back/knee.png,103.8,198.70834048803061,0,1,0.9623167300422261,4,4,8,8
back,0,0,3,thigh_near,thigh,hip_near,workspace/plain-walk-v13/parts/back/thigh.png,103.8,179.5,0,1,0.7387823264627159,7,3,14,32
back,0,0,4,ankle_joint_near,ankle,knee_near,workspace/plain-walk-v13/parts/back/ankle.png,103.8,221.1295,0,1,1,3,3,6,6
back,0,0,5,foot_near,foot_heel,ankle_near,workspace/plain-walk-v13/parts/back/foot_heel.png,103.8,221.1295,-5.486417660180142e-16,0.9685,0.9685,6,2,12,15
back,0,0,6,shoulder_joint_near,shoulder,thorax,workspace/plain-walk-v13/parts/back/shoulder.png,107.8,138.5,0,0.72,0.72,3.5,3.5,7,7
back,0,0,7,shoulder_joint_far,shoulder,thorax,workspace/plain-walk-v13/parts/back/shoulder.png,82.8,138.7,0,0.72,0.72,3.5,3.5,7,7
back,0,0,8,upper_arm_far,upper_arm,shoulder_far,workspace/plain-walk-v13/parts/back/upper_arm.png,82.8,138.7,11.095814098529003,1,1.0020441700354228,4.5,3,9,28
back,0,0,9,elbow_joint_far,elbow,shoulder_far,workspace/plain-walk-v13/parts/back/elbow.png,78.55743912688104,160.33287905688093,0,1,1,3,3,6,6
back,0,0,10,forearm_far,forearm,elbow_far,workspace/plain-walk-v13/parts/back/forearm.png,78.55743912688104,160.33287905688093,18.03818001622795,1,0.657848929970947,3.5,3,7,23
back,0,0,11,wrist_joint_far,wrist,elbow_far,workspace/plain-walk-v13/parts/back/wrist.png,75.09448188035066,170.96664951455847,0,1,1,2.5,2.5,5,5
back,0,0,12,hand_far,hand,wrist_far,workspace/plain-walk-v13/parts/back/hand.png,75.09448188035066,170.96664951455847,12.483423821835217,1,0.80102767502183,4,2,8,9
back,0,0,13,waist_joint,waist,root,workspace/plain-walk-v13/parts/back/waist.png,95.3,160,0,1,1,9,5,18,10
back,0,0,14,lower_body,lower_body,root,workspace/plain-walk-v13/parts/back/lower_body.png,95.3,160,0,1,1,15,-2,30,26
back,0,0,15,hip_joint_far,hip,root,workspace/plain-walk-v13/parts/back/hip.png,86.8,179.5,0,1,1,4,4,8,8
back,0,0,16,thigh_far,thigh,hip_far,workspace/plain-walk-v13/parts/back/thigh.png,86.8,179.5,0,1,0.9756478462163286,7,3,14,32
back,0,0,17,knee_joint_far,knee,hip_far,workspace/plain-walk-v13/parts/back/knee.png,86.8,204.86684400162454,0,1,0.838348898411614,4,4,8,8
back,0,0,18,shin_far,shin,knee_far,workspace/plain-walk-v13/parts/back/shin.png,86.8,204.86684400162454,0,1,0.839219857084838,5,3,10,34
back,0,0,19,ankle_joint_far,ankle,knee_far,workspace/plain-walk-v13/parts/back/ankle.png,86.8,228.365,0,1,1,3,3,6,6
back,0,0,20,foot_far,foot_toe,ankle_far,workspace/plain-walk-v13/parts/back/foot_toe.png,86.8,228.365,7.837739514543061e-16,1.035,1.035,7,2,12,15
back,0,0,21,neck,neck,cervical,workspace/plain-walk-v13/parts/back/neck.png,95.3,129.25,0,0.875,1.25,4.5,5,9,10
back,0,0,22,upper_body,upper_body,waist,workspace/plain-walk-v13/parts/back/upper_body.png,95.3,160,2.4492935982947064e-16,1,1,17,32,34,34
back,0,0,23,upper_arm_near,upper_arm,shoulder_near,workspace/plain-walk-v13/parts/back/upper_arm.png,107.8,138.5,-10.956147976602294,-1,0.9566475862466413,4.5,3,9,28
back,0,0,24,elbow_joint_near,elbow,shoulder_near,workspace/plain-walk-v13/parts/back/elbow.png,111.8,159.1626355644051,0,1,1,3,3,6,6
back,0,0,25,forearm_near,forearm,elbow_near,workspace/plain-walk-v13/parts/back/forearm.png,111.8,159.1626355644051,-9.312808704359488,-1,1.013356479661546,3.5,3,7,23
back,0,0,26,wrist_joint_near,wrist,elbow_near,workspace/plain-walk-v13/parts/back/wrist.png,114.5877592360209,176.1626355644051,0,1,1,2.5,2.5,5,5
back,0,0,27,hand_near,hand,wrist_near,workspace/plain-walk-v13/parts/back/hand.png,114.5877592360209,176.1626355644051,-8.007025616739519,-1,1.000670773478957,4,2,8,9
back,0,0,28,head,head,neck,workspace/plain-walk-v13/parts/back/head.png,95.3,124.5,0,1,1,34,62,68,65
back,1,120,0,hip_joint_near,hip,root,workspace/plain-walk-v13/parts/back/hip.png,103.8,180,0,1,1,4,4,8,8
back,1,120,1,shin_near,shin,knee_near,workspace/plain-walk-v13/parts/back/shin.png,103.8,197.86975945717967,0,1,0.9289371622435831,5,3,10,34
back,1,120,2,knee_joint_near,knee,hip_near,workspace/plain-walk-v13/parts/back/knee.png,103.8,197.86975945717967,0,1,0.7862946814891674,4,4,8,8
back,1,120,3,thigh_near,thigh,hip_near,workspace/plain-walk-v13/parts/back/thigh.png,103.8,180,0,1,0.6872984406607565,7,3,14,32
back,1,120,4,ankle_joint_near,ankle,knee_near,workspace/plain-walk-v13/parts/back/ankle.png,103.8,223.88,0,1,1,3,3,6,6
back,1,120,5,foot_near,foot,ankle_near,workspace/plain-walk-v13/parts/back/foot.png,103.8,223.88,0,0.985,0.985,6,2,12,14
back,1,120,6,hip_joint_far,hip,root,workspace/plain-walk-v13/parts/back/hip.png,86.8,180,0,1,1,4,4,8,8
back,1,120,7,thigh_far,thigh,hip_far,workspace/plain-walk-v13/parts/back/thigh.png,86.8,180,0,1,0.8051110191856102,7,3,14,32
back,1,120,8,knee_joint_far,knee,hip_far,workspace/plain-walk-v13/parts/back/knee.png,86.8,200.93288649882587,0,1,0.62,4,4,8,8
back,1,120,9,shin_far,shin,knee_far,workspace/plain-walk-v13/parts/back/shin.png,86.8,200.93288649882587,0,1,0.7094218594213696,5,3,10,34
back,1,120,10,ankle_joint_far,ankle,knee_far,workspace/plain-walk-v13/parts/back/ankle.png,86.8,220.79669856262421,0,1,1,3,3,6,6
back,1,120,11,foot_far,foot_swing,ankle_far,workspace/plain-walk-v13/parts/back/foot_swing.png,86.8,220.79669856262421,8.621513465997367e-16,1.018,1.018,6,2,12,15
back,1,120,12,shoulder_joint_near,shoulder,thorax,workspace/plain-walk-v13/parts/back/shoulder.png,107.8,139,0,0.72,0.72,3.5,3.5,7,7
back,1,120,13,shoulder_joint_far,shoulder,thorax,workspace/plain-walk-v13/parts/back/shoulder.png,82.8,139.2,0,0.72,0.72,3.5,3.5,7,7
back,1,120,14,upper_arm_far,upper_arm,shoulder_far,workspace/plain-walk-v13/parts/back/upper_arm.png,82.8,139.2,10.820567297549665,1,1.0127879836000826,4.5,3,9,28
back,1,120,15,elbow_joint_far,elbow,shoulder_far,workspace/plain-walk-v13/parts/back/elbow.png,78.61703771208036,161.08517179198296,0,1,1,3,3,6,6
back,1,120,16,forearm_far,forearm,elbow_far,workspace/plain-walk-v13/parts/back/forearm.png,78.61703771208036,161.08517179198296,17.316623088984386,1,0.6834859668918344,3.5,3,7,23
back,1,120,17,wrist_joint_far,wrist,elbow_far,workspace/plain-walk-v13/parts/back/wrist.png,75.15854288641722,172.17778419330494,0,1,1,2.5,2.5,5,5
back,1,120,18,hand_far,hand,wrist_far,workspace/plain-walk-v13/parts/back/hand.png,75.15854288641722,172.17778419330494,12.318705383578509,1,0.8105238664369832,4,2,8,9
back,1,120,19,waist_joint,waist,root,workspace/plain-walk-v13/parts/back/waist.png,95.3,160.5,0,1,1,9,5,18,10
back,1,120,20,lower_body,lower_body,root,workspace/plain-walk-v13/parts/back/lower_body.png,95.3,160.5,-0.5,1,1,15,-2,30,26
back,1,120,21,neck,neck,cervical,workspace/plain-walk-v13/parts/back/neck.png,95.3,129.75,0,0.875,1.25,4.5,5,9,10
back,1,120,22,upper_body,upper_body,waist,workspace/plain-walk-v13/parts/back/upper_body.png,95.3,160.5,2.4492935982947064e-16,1,1,17,32,34,34
back,1,120,23,upper_arm_near,upper_arm,shoulder_near,workspace/plain-walk-v13/parts/back/upper_arm.png,107.8,139,-10.707945346772656,-1,0.978554190196154,4.5,3,9,28
back,1,120,24,elbow_joint_near,elbow,shoulder_near,workspace/plain-walk-v13/parts/back/elbow.png,111.8,160.15332264030448,0,1,1,3,3,6,6
back,1,120,25,forearm_near,forearm,elbow_near,workspace/plain-walk-v13/parts/back/forearm.png,111.8,160.15332264030448,-9.53153066117209,-1,1.0162119749497953,3.5,3,7,23
back,1,120,26,wrist_joint_near,wrist,elbow_near,workspace/plain-walk-v13/parts/back/wrist.png,114.66067319860831,177.1904300151445,0,1,1,2.5,2.5,5,5
back,1,120,27,hand_near,hand,wrist_near,workspace/plain-walk-v13/parts/back/hand.png,114.66067319860831,177.1904300151445,-8.19457574711212,-1,1.0034968901476908,4,2,8,9
back,1,120,28,head,head,neck,workspace/plain-walk-v13/parts/back/head.png,95.3,125,0,1,1,34,62,68,65
back,2,240,0,hip_joint_far,hip,root,workspace/plain-walk-v13/parts/back/hip.png,87.5,176.5,0,1,1,4,4,8,8
back,2,240,1,shin_far,shin,knee_far,workspace/plain-walk-v13/parts/back/shin.png,87.5,188.92620985112345,0,1,0.9133105432012181,5,3,10,34
back,2,240,2,knee_joint_far,knee,hip_far,workspace/plain-walk-v13/parts/back/knee.png,87.5,188.92620985112345,0,1,0.62,4,4,8,8
back,2,240,3,thigh_far,thigh,hip_far,workspace/plain-walk-v13/parts/back/thigh.png,87.5,176.5,0,1,0.47793114812013254,7,3,14,32
back,2,240,4,ankle_joint_far,ankle,knee_far,workspace/plain-walk-v13/parts/back/ankle.png,87.5,214.49890506075755,0,1,1,3,3,6,6
back,2,240,5,foot_far,foot,ankle_far,workspace/plain-walk-v13/parts/back/foot.png,87.5,214.49890506075755,-2.351321854362918e-16,0.9865,0.9865,6,2,12,14
back,2,240,6,hip_joint_near,hip,root,workspace/plain-walk-v13/parts/back/hip.png,104.5,176.5,0,1,1,4,4,8,8
back,2,240,7,thigh_near,thigh,hip_near,workspace/plain-walk-v13/parts/back/thigh.png,104.5,176.5,0,1,0.8930505200798853,7,3,14,32
back,2,240,8,knee_joint_near,knee,hip_near,workspace/plain-walk-v13/parts/back/knee.png,104.5,199.71931352207702,0,1,0.9165501776911714,4,4,8,8
back,2,240,9,shin_near,shin,knee_near,workspace/plain-walk-v13/parts/back/shin.png,104.5,199.71931352207702,0,1,0.9323102313543927,5,3,10,34
back,2,240,10,ankle_joint_near,ankle,knee_near,workspace/plain-walk-v13/parts/back/ankle.png,104.5,225.824,0,1,1,3,3,6,6
back,2,240,11,foot_near,foot,ankle_near,workspace/plain-walk-v13/parts/back/foot.png,104.5,225.824,0,1.003,1.003,6,2,12,14
back,2,240,12,shoulder_joint_near,shoulder,thorax,workspace/plain-walk-v13/parts/back/shoulder.png,108.5,135.5,0,0.72,0.72,3.5,3.5,7,7
back,2,240,13,forearm_near,forearm,elbow_near,workspace/plain-walk-v13/parts/back/forearm.png,112.5,157.37773848161302,-10.655830007070191,-1,0.9968851414603068,3.5,3,7,23
back,2,240,14,wrist_joint_near,wrist,elbow_near,workspace/plain-walk-v13/parts/back/wrist.png,115.63366247800296,174.03254485140758,0,1,1,2.5,2.5,5,5
back,2,240,15,hand_near,hand,wrist_near,workspace/plain-walk-v13/parts/back/hand.png,115.63366247800296,174.03254485140758,-8.906775130790853,-1,1.0119870019677706,4,2,8,9
back,2,240,16,shoulder_joint_far,shoulder,thorax,workspace/plain-walk-v13/parts/back/shoulder.png,83.5,135.7,0,0.72,0.72,3.5,3.5,7,7
back,2,240,17,forearm_far,forearm,elbow_far,workspace/plain-walk-v13/parts/back/forearm.png,79.4692884429018,157.7480213086165,12.631541663207607,1,0.8954459075323066,3.5,3,7,23
back,2,240,18,wrist_joint_far,wrist,elbow_far,workspace/plain-walk-v13/parts/back/wrist.png,76.14040760997398,172.60216239077243,0,1,1,2.5,2.5,5,5
back,2,240,19,hand_far,hand,wrist_far,workspace/plain-walk-v13/parts/back/hand.png,76.14040760997398,172.60216239077243,10.088977230736216,1,0.9501460640498112,4,2,8,9
back,2,240,20,waist_joint,waist,root,workspace/plain-walk-v13/parts/back/waist.png,96,157,0,1,1,9,5,18,10
back,2,240,21,lower_body,lower_body,root,workspace/plain-walk-v13/parts/back/lower_body.png,96,157,-0.8,1,1,15,-2,30,26
back,2,240,22,neck,neck,cervical,workspace/plain-walk-v13/parts/back/neck.png,96,126.25,0,0.875,1.25,4.5,5,9,10
back,2,240,23,upper_body,upper_body,waist,workspace/plain-walk-v13/parts/back/upper_body.png,96,157,2.4492935982947064e-16,1,1,17,32,34,34
back,2,240,24,upper_arm_near,upper_arm,shoulder_near,workspace/plain-walk-v13/parts/back/upper_arm.png,108.5,135.5,-10.36119010367265,-1,1.0109273227078261,4.5,3,9,28
back,2,240,25,elbow_joint_near,elbow,shoulder_near,workspace/plain-walk-v13/parts/back/elbow.png,112.5,157.37773848161302,0,1,1,3,3,6,6
back,2,240,26,upper_arm_far,upper_arm,shoulder_far,workspace/plain-walk-v13/parts/back/upper_arm.png,83.5,135.7,10.36012898865117,1,1.018792308133026,4.5,3,9,28
back,2,240,27,elbow_joint_far,elbow,shoulder_far,workspace/plain-walk-v13/parts/back/elbow.png,79.4692884429018,157.7480213086165,0,1,1,3,3,6,6
back,2,240,28,head,head,neck,workspace/plain-walk-v13/parts/back/head.png,96,121.5,0,1,1,34,62,68,65
back,3,360,0,hip_joint_far,hip,root,workspace/plain-walk-v13/parts/back/hip.png,88.2,178,0,1,1,4,4,8,8
back,3,360,1,shin_far,shin,knee_far,workspace/plain-walk-v13/parts/back/shin.png,88.2,196.80775731063179,0,1,0.7906632982950949,5,3,10,34
back,3,360,2,knee_joint_far,knee,hip_far,workspace/plain-walk-v13/parts/back/knee.png,88.2,196.80775731063179,0,1,0.9602116088195735,4,4,8,8
back,3,360,3,thigh_far,thigh,hip_far,workspace/plain-walk-v13/parts/back/thigh.png,88.2,178,0,1,0.7233752811781456,7,3,14,32
back,3,360,4,ankle_joint_far,ankle,knee_far,workspace/plain-walk-v13/parts/back/ankle.png,88.2,218.94632966289444,0,1,1,3,3,6,6
back,3,360,5,foot_far,foot_heel,ankle_far,workspace/plain-walk-v13/parts/back/foot_heel.png,88.2,218.94632966289444,-4.702643708725836e-16,0.967,0.967,6,2,12,15
back,3,360,6,hip_joint_near,hip,root,workspace/plain-walk-v13/parts/back/hip.png,105.2,178,0,1,1,4,4,8,8
back,3,360,7,thigh_near,thigh,hip_near,workspace/plain-walk-v13/parts/back/thigh.png,105.2,178,0,1,0.9266571830005378,7,3,14,32
back,3,360,8,knee_joint_near,knee,hip_near,workspace/plain-walk-v13/parts/back/knee.png,105.2,202.09308675801398,0,1,0.8427267350040312,4,4,8,8
back,3,360,9,shin_near,shin,knee_near,workspace/plain-walk-v13/parts/back/shin.png,105.2,202.09308675801398,0,1,0.8862290443566435,5,3,10,34
back,3,360,10,ankle_joint_near,ankle,knee_near,workspace/plain-walk-v13/parts/back/ankle.png,105.2,226.9075,0,1,1,3,3,6,6
back,3,360,11,foot_near,foot_toe,ankle_near,workspace/plain-walk-v13/parts/back/foot_toe.png,105.2,226.9075,3.135095805817224e-16,1.0225,1.0225,7,2,12,15
back,3,360,12,shoulder_joint_near,shoulder,thorax,workspace/plain-walk-v13/parts/back/shoulder.png,109.2,137,0,0.72,0.72,3.5,3.5,7,7
back,3,360,13,upper_arm_near,upper_arm,shoulder_near,workspace/plain-walk-v13/parts/back/upper_arm.png,109.2,137,-10.598774506032406,-1,1.018783086286968,4.5,3,9,28
back,3,360,14,elbow_joint_near,elbow,shoulder_near,workspace/plain-walk-v13/parts/back/elbow.png,113.32247232884487,159.03084217000426,0,1,1,3,3,6,6
back,3,360,15,forearm_near,forearm,elbow_near,workspace/plain-walk-v13/parts/back/forearm.png,113.32247232884487,159.03084217000426,-13.247975979495477,-1,0.8601546627076239,3.5,3,7,23
back,3,360,16,wrist_joint_near,wrist,elbow_near,workspace/plain-walk-v13/parts/back/wrist.png,116.67348186555802,173.26432458776145,0,1,1,2.5,2.5,5,5
back,3,360,17,hand_near,hand,wrist_near,workspace/plain-walk-v13/parts/back/hand.png,116.67348186555802,173.26432458776145,-10.241782903918864,-1,0.942340827501787,4,2,8,9
back,3,360,18,shoulder_joint_far,shoulder,thorax,workspace/plain-walk-v13/parts/back/shoulder.png,84.2,137.2,0,0.72,0.72,3.5,3.5,7,7
back,3,360,19,waist_joint,waist,root,workspace/plain-walk-v13/parts/back/waist.png,96.7,158.5,0,1,1,9,5,18,10
back,3,360,20,lower_body,lower_body,root,workspace/plain-walk-v13/parts/back/lower_body.png,96.7,158.5,-0.5,1,1,15,-2,30,26
back,3,360,21,neck,neck,cervical,workspace/plain-walk-v13/parts/back/neck.png,96.7,127.75,0,0.875,1.25,4.5,5,9,10
back,3,360,22,upper_body,upper_body,waist,workspace/plain-walk-v13/parts/back/upper_body.png,96.7,158.5,2.4492935982947064e-16,1,1,17,32,34,34
back,3,360,23,upper_arm_far,upper_arm,shoulder_far,workspace/plain-walk-v13/parts/back/upper_arm.png,84.2,137.2,10.606625608474383,1,0.987793264696645,4.5,3,9,28
back,3,360,24,elbow_joint_far,elbow,shoulder_far,workspace/plain-walk-v13/parts/back/elbow.png,80.2,158.56014977357478,0,1,1,3,3,6,6
back,3,360,25,forearm_far,forearm,elbow_far,workspace/plain-walk-v13/parts/back/forearm.png,80.2,158.56014977357478,10.026565128785101,1,1.0102093262924379,3.5,3,7,23
back,3,360,26,wrist_joint_far,wrist,elbow_far,workspace/plain-walk-v13/parts/back/wrist.png,77.21000164076698,175.4714188855616,0,1,1,2.5,2.5,5,5
back,3,360,27,hand_far,hand,wrist_far,workspace/plain-walk-v13/parts/back/hand.png,77.21000164076698,175.4714188855616,8.480778401750426,1,1.0137126604730526,4,2,8,9
back,3,360,28,head,head,neck,workspace/plain-walk-v13/parts/back/head.png,96.7,123,0,1,1,34,62,68,65
back,4,480,0,hip_joint_far,hip,root,workspace/plain-walk-v13/parts/back/hip.png,88.2,179.5,0,1,1,4,4,8,8
back,4,480,1,shin_far,shin,knee_far,workspace/plain-walk-v13/parts/back/shin.png,88.2,198.70834048803061,0,1,0.8007556968560497,5,3,10,34
back,4,480,2,knee_joint_far,knee,hip_far,workspace/plain-walk-v13/parts/back/knee.png,88.2,198.70834048803061,0,1,0.9623167300422261,4,4,8,8
back,4,480,3,thigh_far,thigh,hip_far,workspace/plain-walk-v13/parts/back/thigh.png,88.2,179.5,0,1,0.7387823264627159,7,3,14,32
back,4,480,4,ankle_joint_far,ankle,knee_far,workspace/plain-walk-v13/parts/back/ankle.png,88.2,221.1295,0,1,1,3,3,6,6
back,4,480,5,foot_far,foot_heel,ankle_far,workspace/plain-walk-v13/parts/back/foot_heel.png,88.2,221.1295,-5.486417660180142e-16,0.9685,0.9685,6,2,12,15
back,4,480,6,shoulder_joint_near,shoulder,thorax,workspace/plain-walk-v13/parts/back/shoulder.png,109.2,138.5,0,0.72,0.72,3.5,3.5,7,7
back,4,480,7,upper_arm_near,upper_arm,shoulder_near,workspace/plain-walk-v13/parts/back/upper_arm.png,109.2,138.5,-11.095814098529003,-1,1.0020441700354228,4.5,3,9,28
back,4,480,8,elbow_joint_near,elbow,shoulder_near,workspace/plain-walk-v13/parts/back/elbow.png,113.44256087311896,160.13287905688094,0,1,1,3,3,6,6
back,4,480,9,forearm_near,forearm,elbow_near,workspace/plain-walk-v13/parts/back/forearm.png,113.44256087311896,160.13287905688094,-18.03818001622795,-1,0.657848929970947,3.5,3,7,23
back,4,480,10,wrist_joint_near,wrist,elbow_near,workspace/plain-walk-v13/parts/back/wrist.png,116.90551811964934,170.76664951455848,0,1,1,2.5,2.5,5,5
back,4,480,11,hand_near,hand,wrist_near,workspace/plain-walk-v13/parts/back/hand.png,116.90551811964934,170.76664951455848,-12.48342382183523,-1,0.8010276750218301,4,2,8,9
back,4,480,12,shoulder_joint_far,shoulder,thorax,workspace/plain-walk-v13/parts/back/shoulder.png,84.2,138.7,0,0.72,0.72,3.5,3.5,7,7
back,4,480,13,waist_joint,waist,root,workspace/plain-walk-v13/parts/back/waist.png,96.7,160,0,1,1,9,5,18,10
back,4,480,14,lower_body,lower_body,root,workspace/plain-walk-v13/parts/back/lower_body.png,96.7,160,0,1,1,15,-2,30,26
back,4,480,15,hip_joint_near,hip,root,workspace/plain-walk-v13/parts/back/hip.png,105.2,179.5,0,1,1,4,4,8,8
back,4,480,16,thigh_near,thigh,hip_near,workspace/plain-walk-v13/parts/back/thigh.png,105.2,179.5,0,1,0.9756478462163286,7,3,14,32
back,4,480,17,knee_joint_near,knee,hip_near,workspace/plain-walk-v13/parts/back/knee.png,105.2,204.86684400162454,0,1,0.838348898411614,4,4,8,8
back,4,480,18,shin_near,shin,knee_near,workspace/plain-walk-v13/parts/back/shin.png,105.2,204.86684400162454,0,1,0.839219857084838,5,3,10,34
back,4,480,19,ankle_joint_near,ankle,knee_near,workspace/plain-walk-v13/parts/back/ankle.png,105.2,228.365,0,1,1,3,3,6,6
back,4,480,20,foot_near,foot_toe,ankle_near,workspace/plain-walk-v13/parts/back/foot_toe.png,105.2,228.365,7.837739514543061e-16,1.035,1.035,7,2,12,15
back,4,480,21,neck,neck,cervical,workspace/plain-walk-v13/parts/back/neck.png,96.7,129.25,0,0.875,1.25,4.5,5,9,10
back,4,480,22,upper_body,upper_body,waist,workspace/plain-walk-v13/parts/back/upper_body.png,96.7,160,2.4492935982947064e-16,1,1,17,32,34,34
back,4,480,23,upper_arm_far,upper_arm,shoulder_far,workspace/plain-walk-v13/parts/back/upper_arm.png,84.2,138.7,10.956147976602294,1,0.9566475862466413,4.5,3,9,28
back,4,480,24,elbow_joint_far,elbow,shoulder_far,workspace/plain-walk-v13/parts/back/elbow.png,80.2,159.36263556440508,0,1,1,3,3,6,6
back,4,480,25,forearm_far,forearm,elbow_far,workspace/plain-walk-v13/parts/back/forearm.png,80.2,159.36263556440508,9.312808704359488,1,1.013356479661546,3.5,3,7,23
back,4,480,26,wrist_joint_far,wrist,elbow_far,workspace/plain-walk-v13/parts/back/wrist.png,77.4122407639791,176.36263556440508,0,1,1,2.5,2.5,5,5
back,4,480,27,hand_far,hand,wrist_far,workspace/plain-walk-v13/parts/back/hand.png,77.4122407639791,176.36263556440508,8.00702561673952,1,1.000670773478957,4,2,8,9
back,4,480,28,head,head,neck,workspace/plain-walk-v13/parts/back/head.png,96.7,124.5,0,1,1,34,62,68,65
back,5,600,0,hip_joint_far,hip,root,workspace/plain-walk-v13/parts/back/hip.png,88.2,180,0,1,1,4,4,8,8
back,5,600,1,shin_far,shin,knee_far,workspace/plain-walk-v13/parts/back/shin.png,88.2,197.86975945717967,0,1,0.9289371622435831,5,3,10,34
back,5,600,2,knee_joint_far,knee,hip_far,workspace/plain-walk-v13/parts/back/knee.png,88.2,197.86975945717967,0,1,0.7862946814891674,4,4,8,8
back,5,600,3,thigh_far,thigh,hip_far,workspace/plain-walk-v13/parts/back/thigh.png,88.2,180,0,1,0.6872984406607565,7,3,14,32
back,5,600,4,ankle_joint_far,ankle,knee_far,workspace/plain-walk-v13/parts/back/ankle.png,88.2,223.88,0,1,1,3,3,6,6
back,5,600,5,foot_far,foot,ankle_far,workspace/plain-walk-v13/parts/back/foot.png,88.2,223.88,0,0.985,0.985,6,2,12,14
back,5,600,6,hip_joint_near,hip,root,workspace/plain-walk-v13/parts/back/hip.png,105.2,180,0,1,1,4,4,8,8
back,5,600,7,thigh_near,thigh,hip_near,workspace/plain-walk-v13/parts/back/thigh.png,105.2,180,0,1,0.8051110191856102,7,3,14,32
back,5,600,8,knee_joint_near,knee,hip_near,workspace/plain-walk-v13/parts/back/knee.png,105.2,200.93288649882587,0,1,0.62,4,4,8,8
back,5,600,9,shin_near,shin,knee_near,workspace/plain-walk-v13/parts/back/shin.png,105.2,200.93288649882587,0,1,0.7094218594213696,5,3,10,34
back,5,600,10,ankle_joint_near,ankle,knee_near,workspace/plain-walk-v13/parts/back/ankle.png,105.2,220.79669856262421,0,1,1,3,3,6,6
back,5,600,11,foot_near,foot_swing,ankle_near,workspace/plain-walk-v13/parts/back/foot_swing.png,105.2,220.79669856262421,8.621513465997367e-16,1.018,1.018,6,2,12,15
back,5,600,12,shoulder_joint_near,shoulder,thorax,workspace/plain-walk-v13/parts/back/shoulder.png,109.2,139,0,0.72,0.72,3.5,3.5,7,7
back,5,600,13,upper_arm_near,upper_arm,shoulder_near,workspace/plain-walk-v13/parts/back/upper_arm.png,109.2,139,-10.820567297549665,-1,1.0127879836000826,4.5,3,9,28
back,5,600,14,elbow_joint_near,elbow,shoulder_near,workspace/plain-walk-v13/parts/back/elbow.png,113.38296228791964,160.88517179198297,0,1,1,3,3,6,6
back,5,600,15,forearm_near,forearm,elbow_near,workspace/plain-walk-v13/parts/back/forearm.png,113.38296228791964,160.88517179198297,-17.316623088984386,-1,0.6834859668918344,3.5,3,7,23
back,5,600,16,wrist_joint_near,wrist,elbow_near,workspace/plain-walk-v13/parts/back/wrist.png,116.84145711358278,171.97778419330496,0,1,1,2.5,2.5,5,5
back,5,600,17,hand_near,hand,wrist_near,workspace/plain-walk-v13/parts/back/hand.png,116.84145711358278,171.97778419330496,-12.318705383578523,-1,0.8105238664369832,4,2,8,9
back,5,600,18,shoulder_joint_far,shoulder,thorax,workspace/plain-walk-v13/parts/back/shoulder.png,84.2,139.2,0,0.72,0.72,3.5,3.5,7,7
back,5,600,19,waist_joint,waist,root,workspace/plain-walk-v13/parts/back/waist.png,96.7,160.5,0,1,1,9,5,18,10
back,5,600,20,lower_body,lower_body,root,workspace/plain-walk-v13/parts/back/lower_body.png,96.7,160.5,0.5,1,1,15,-2,30,26
back,5,600,21,neck,neck,cervical,workspace/plain-walk-v13/parts/back/neck.png,96.7,129.75,0,0.875,1.25,4.5,5,9,10
back,5,600,22,upper_body,upper_body,waist,workspace/plain-walk-v13/parts/back/upper_body.png,96.7,160.5,2.4492935982947064e-16,1,1,17,32,34,34
back,5,600,23,upper_arm_far,upper_arm,shoulder_far,workspace/plain-walk-v13/parts/back/upper_arm.png,84.2,139.2,10.707945346772656,1,0.978554190196154,4.5,3,9,28
back,5,600,24,elbow_joint_far,elbow,shoulder_far,workspace/plain-walk-v13/parts/back/elbow.png,80.2,160.35332264030447,0,1,1,3,3,6,6
back,5,600,25,forearm_far,forearm,elbow_far,workspace/plain-walk-v13/parts/back/forearm.png,80.2,160.35332264030447,9.53153066117209,1,1.0162119749497953,3.5,3,7,23
back,5,600,26,wrist_joint_far,wrist,elbow_far,workspace/plain-walk-v13/parts/back/wrist.png,77.33932680139169,177.3904300151445,0,1,1,2.5,2.5,5,5
back,5,600,27,hand_far,hand,wrist_far,workspace/plain-walk-v13/parts/back/hand.png,77.33932680139169,177.3904300151445,8.19457574711212,1,1.0034968901476908,4,2,8,9
back,5,600,28,head,head,neck,workspace/plain-walk-v13/parts/back/head.png,96.7,125,0,1,1,34,62,68,65
back,6,720,0,hip_joint_near,hip,root,workspace/plain-walk-v13/parts/back/hip.png,104.5,176.5,0,1,1,4,4,8,8
back,6,720,1,shin_near,shin,knee_near,workspace/plain-walk-v13/parts/back/shin.png,104.5,188.92620985112345,0,1,0.9133105432012181,5,3,10,34
back,6,720,2,knee_joint_near,knee,hip_near,workspace/plain-walk-v13/parts/back/knee.png,104.5,188.92620985112345,0,1,0.62,4,4,8,8
back,6,720,3,thigh_near,thigh,hip_near,workspace/plain-walk-v13/parts/back/thigh.png,104.5,176.5,0,1,0.47793114812013254,7,3,14,32
back,6,720,4,ankle_joint_near,ankle,knee_near,workspace/plain-walk-v13/parts/back/ankle.png,104.5,214.49890506075755,0,1,1,3,3,6,6
back,6,720,5,foot_near,foot,ankle_near,workspace/plain-walk-v13/parts/back/foot.png,104.5,214.49890506075755,-2.351321854362918e-16,0.9865,0.9865,6,2,12,14
back,6,720,6,hip_joint_far,hip,root,workspace/plain-walk-v13/parts/back/hip.png,87.5,176.5,0,1,1,4,4,8,8
back,6,720,7,thigh_far,thigh,hip_far,workspace/plain-walk-v13/parts/back/thigh.png,87.5,176.5,0,1,0.8930505200798853,7,3,14,32
back,6,720,8,knee_joint_far,knee,hip_far,workspace/plain-walk-v13/parts/back/knee.png,87.5,199.71931352207702,0,1,0.9165501776911714,4,4,8,8
back,6,720,9,shin_far,shin,knee_far,workspace/plain-walk-v13/parts/back/shin.png,87.5,199.71931352207702,0,1,0.9323102313543927,5,3,10,34
back,6,720,10,ankle_joint_far,ankle,knee_far,workspace/plain-walk-v13/parts/back/ankle.png,87.5,225.824,0,1,1,3,3,6,6
back,6,720,11,foot_far,foot,ankle_far,workspace/plain-walk-v13/parts/back/foot.png,87.5,225.824,0,1.003,1.003,6,2,12,14
back,6,720,12,shoulder_joint_near,shoulder,thorax,workspace/plain-walk-v13/parts/back/shoulder.png,108.5,135.5,0,0.72,0.72,3.5,3.5,7,7
back,6,720,13,upper_arm_near,upper_arm,shoulder_near,workspace/plain-walk-v13/parts/back/upper_arm.png,108.5,135.5,-10.36012898865117,-1,1.018792308133026,4.5,3,9,28
back,6,720,14,elbow_joint_near,elbow,shoulder_near,workspace/plain-walk-v13/parts/back/elbow.png,112.5307115570982,157.5480213086165,0,1,1,3,3,6,6
back,6,720,15,forearm_near,forearm,elbow_near,workspace/plain-walk-v13/parts/back/forearm.png,112.5307115570982,157.5480213086165,-12.631541663207607,-1,0.8954459075323066,3.5,3,7,23
back,6,720,16,wrist_joint_near,wrist,elbow_near,workspace/plain-walk-v13/parts/back/wrist.png,115.85959239002602,172.40216239077245,0,1,1,2.5,2.5,5,5
back,6,720,17,hand_near,hand,wrist_near,workspace/plain-walk-v13/parts/back/hand.png,115.85959239002602,172.40216239077245,-10.088977230736223,-1,0.9501460640498112,4,2,8,9
back,6,720,18,shoulder_joint_far,shoulder,thorax,workspace/plain-walk-v13/parts/back/shoulder.png,83.5,135.7,0,0.72,0.72,3.5,3.5,7,7
back,6,720,19,wrist_joint_far,wrist,elbow_far,workspace/plain-walk-v13/parts/back/wrist.png,76.36633752199704,174.23254485140757,0,1,1,2.5,2.5,5,5
back,6,720,20,hand_far,hand,wrist_far,workspace/plain-walk-v13/parts/back/hand.png,76.36633752199704,174.23254485140757,8.90677513079085,1,1.0119870019677706,4,2,8,9
back,6,720,21,waist_joint,waist,root,workspace/plain-walk-v13/parts/back/waist.png,96,157,0,1,1,9,5,18,10
back,6,720,22,lower_body,lower_body,root,workspace/plain-walk-v13/parts/back/lower_body.png,96,157,0.8,1,1,15,-2,30,26
back,6,720,23,neck,neck,cervical,workspace/plain-walk-v13/parts/back/neck.png,96,126.25,0,0.875,1.25,4.5,5,9,10
back,6,720,24,upper_body,upper_body,waist,workspace/plain-walk-v13/parts/back/upper_body.png,96,157,2.4492935982947064e-16,1,1,17,32,34,34
back,6,720,25,upper_arm_far,upper_arm,shoulder_far,workspace/plain-walk-v13/parts/back/upper_arm.png,83.5,135.7,10.36119010367265,1,1.0109273227078261,4.5,3,9,28
back,6,720,26,elbow_joint_far,elbow,shoulder_far,workspace/plain-walk-v13/parts/back/elbow.png,79.5,157.577738481613,0,1,1,3,3,6,6
back,6,720,27,forearm_far,forearm,elbow_far,workspace/plain-walk-v13/parts/back/forearm.png,79.5,157.577738481613,10.655830007070191,1,0.9968851414603068,3.5,3,7,23
back,6,720,28,head,head,neck,workspace/plain-walk-v13/parts/back/head.png,96,121.5,0,1,1,34,62,68,65
back,7,840,0,hip_joint_near,hip,root,workspace/plain-walk-v13/parts/back/hip.png,103.8,178,0,1,1,4,4,8,8
back,7,840,1,shin_near,shin,knee_near,workspace/plain-walk-v13/parts/back/shin.png,103.8,196.80775731063179,0,1,0.7906632982950949,5,3,10,34
back,7,840,2,knee_joint_near,knee,hip_near,workspace/plain-walk-v13/parts/back/knee.png,103.8,196.80775731063179,0,1,0.9602116088195735,4,4,8,8
back,7,840,3,thigh_near,thigh,hip_near,workspace/plain-walk-v13/parts/back/thigh.png,103.8,178,0,1,0.7233752811781456,7,3,14,32
back,7,840,4,ankle_joint_near,ankle,knee_near,workspace/plain-walk-v13/parts/back/ankle.png,103.8,218.94632966289444,0,1,1,3,3,6,6
back,7,840,5,foot_near,foot_heel,ankle_near,workspace/plain-walk-v13/parts/back/foot_heel.png,103.8,218.94632966289444,-4.702643708725836e-16,0.967,0.967,6,2,12,15
back,7,840,6,hip_joint_far,hip,root,workspace/plain-walk-v13/parts/back/hip.png,86.8,178,0,1,1,4,4,8,8
back,7,840,7,thigh_far,thigh,hip_far,workspace/plain-walk-v13/parts/back/thigh.png,86.8,178,0,1,0.9266571830005378,7,3,14,32
back,7,840,8,knee_joint_far,knee,hip_far,workspace/plain-walk-v13/parts/back/knee.png,86.8,202.09308675801398,0,1,0.8427267350040312,4,4,8,8
back,7,840,9,shin_far,shin,knee_far,workspace/plain-walk-v13/parts/back/shin.png,86.8,202.09308675801398,0,1,0.8862290443566435,5,3,10,34
back,7,840,10,ankle_joint_far,ankle,knee_far,workspace/plain-walk-v13/parts/back/ankle.png,86.8,226.9075,0,1,1,3,3,6,6
back,7,840,11,foot_far,foot_toe,ankle_far,workspace/plain-walk-v13/parts/back/foot_toe.png,86.8,226.9075,3.135095805817224e-16,1.0225,1.0225,7,2,12,15
back,7,840,12,shoulder_joint_near,shoulder,thorax,workspace/plain-walk-v13/parts/back/shoulder.png,107.8,137,0,0.72,0.72,3.5,3.5,7,7
back,7,840,13,shoulder_joint_far,shoulder,thorax,workspace/plain-walk-v13/parts/back/shoulder.png,82.8,137.2,0,0.72,0.72,3.5,3.5,7,7
back,7,840,14,elbow_joint_far,elbow,shoulder_far,workspace/plain-walk-v13/parts/back/elbow.png,78.67752767115513,159.23084217000425,0,1,1,3,3,6,6
back,7,840,15,forearm_far,forearm,elbow_far,workspace/plain-walk-v13/parts/back/forearm.png,78.67752767115513,159.23084217000425,13.247975979495477,1,0.8601546627076239,3.5,3,7,23
back,7,840,16,wrist_joint_far,wrist,elbow_far,workspace/plain-walk-v13/parts/back/wrist.png,75.32651813444198,173.46432458776144,0,1,1,2.5,2.5,5,5
back,7,840,17,hand_far,hand,wrist_far,workspace/plain-walk-v13/parts/back/hand.png,75.32651813444198,173.46432458776144,10.241782903918855,1,0.9423408275017869,4,2,8,9
back,7,840,18,waist_joint,waist,root,workspace/plain-walk-v13/parts/back/waist.png,95.3,158.5,0,1,1,9,5,18,10
back,7,840,19,lower_body,lower_body,root,workspace/plain-walk-v13/parts/back/lower_body.png,95.3,158.5,0.5,1,1,15,-2,30,26
back,7,840,20,neck,neck,cervical,workspace/plain-walk-v13/parts/back/neck.png,95.3,127.75,0,0.875,1.25,4.5,5,9,10
back,7,840,21,upper_body,upper_body,waist,workspace/plain-walk-v13/parts/back/upper_body.png,95.3,158.5,2.4492935982947064e-16,1,1,17,32,34,34
back,7,840,22,upper_arm_near,upper_arm,shoulder_near,workspace/plain-walk-v13/parts/back/upper_arm.png,107.8,137,-10.606625608474383,-1,0.987793264696645,4.5,3,9,28
back,7,840,23,elbow_joint_near,elbow,shoulder_near,workspace/plain-walk-v13/parts/back/elbow.png,111.8,158.3601497735748,0,1,1,3,3,6,6
back,7,840,24,forearm_near,forearm,elbow_near,workspace/plain-walk-v13/parts/back/forearm.png,111.8,158.3601497735748,-10.026565128785101,-1,1.0102093262924379,3.5,3,7,23
back,7,840,25,wrist_joint_near,wrist,elbow_near,workspace/plain-walk-v13/parts/back/wrist.png,114.78999835923302,175.27141888556162,0,1,1,2.5,2.5,5,5
back,7,840,26,hand_near,hand,wrist_near,workspace/plain-walk-v13/parts/back/hand.png,114.78999835923302,175.27141888556162,-8.480778401750426,-1,1.0137126604730526,4,2,8,9
back,7,840,27,upper_arm_far,upper_arm,shoulder_far,workspace/plain-walk-v13/parts/back/upper_arm.png,82.8,137.2,10.598774506032406,1,1.018783086286968,4.5,3,9,28
back,7,840,28,head,head,neck,workspace/plain-walk-v13/parts/back/head.png,95.3,123,0,1,1,34,62,68,65
