view,frame_zero_based,time_ms,joint,parent,position_x,position_y,metadata_json
front,0,0,root,,95.3,179.5,{}
front,0,0,sacrum,root,95.3,172,{}
front,0,0,lumbar,sacrum,95.3,160,{}
front,0,0,thorax,lumbar,95.3,143,{}
front,0,0,cervical,thorax,95.3,128,{}
front,0,0,waist,lumbar,95.3,160,{}
front,0,0,neck,cervical,95.3,124,{}
front,0,0,head,neck,95.3,124,{}
front,0,0,hip_far,root,86.8,179.5,"{""phase"": 0, ""inside_pelvis"": true, ""thigh_depth"": 11.578807065270496}"
front,0,0,knee_far,hip_far,86.45,202.71056221955925,"{""sagittal_position"": [115.5788070652705, 202.77941637896538], ""flex"": 6.782988592399299, ""occluded_by"": ""shin""}"
front,0,0,ankle_far,knee_far,86.695,229,"{""foot_angle"": -0.35, ""foot_pitch"": -14, ""foot_asset"": ""foot_heel"", ""contact"": true, ""sagittal_position"": [125, 229.1468418066897]}"
front,0,0,hip_near,root,103.8,179.5,"{""phase"": 4, ""inside_pelvis"": true, ""thigh_depth"": -5.508964755137342}"
front,0,0,knee_near,hip_near,104.14999999999999,203.35812196817852,"{""sagittal_position"": [98.49103524486266, 204.90966956350778], ""flex"": 29.09719828590949, ""occluded_by"": ""thigh""}"
front,0,0,ankle_near,knee_near,103.695,223.1,"{""foot_angle"": -0.35, ""foot_pitch"": 20, ""foot_asset"": ""foot_toe"", ""contact"": true, ""sagittal_position"": [80, 225.93540654400974]}"
front,0,0,shoulder_far,thorax,82.68198708178647,138.56904691816538,"{""upper_angle"": 16}"
front,0,0,elbow_far,shoulder_far,78.68198708178647,160.20192597504632,"{""flex"": 16, ""local_rotation"": -16, ""depth"": -6.064021827973981}"
front,0,0,wrist_far,elbow_far,75.89422784576556,177.20192597504632,"{""local_rotation"": 8, ""depth"": -6.064021827973981}"
front,0,0,hand_far,wrist_far,76.20384401912692,184.126884413599,"{""angle"": 8}"
front,0,0,shoulder_near,thorax,107.68160926194466,138.43160293196257,"{""upper_angle"": -16}"
front,0,0,elbow_near,shoulder_near,111.92417013506362,159.09423849636767,"{""flex"": 40, ""local_rotation"": -40, ""depth"": 6.064021827973981}"
front,0,0,wrist_near,elbow_near,115.387127381594,167.4730267566955,"{""local_rotation"": 23, ""depth"": 20.157660561409692}"
front,0,0,hand_near,wrist_near,115.40147217881493,173.34370320682882,"{""angle"": -33}"
front,1,120,root,,95.3,181,{}
front,1,120,sacrum,root,95.3,173.5,{}
front,1,120,lumbar,sacrum,95.3,161.5,{}
front,1,120,thorax,lumbar,95.3,144.5,{}
front,1,120,cervical,thorax,95.3,129.5,{}
front,1,120,waist,lumbar,95.3,161.5,{}
front,1,120,neck,cervical,95.3,125.5,{}
front,1,120,head,neck,95.3,125.5,{}
front,1,120,hip_far,root,86.8,181,"{""phase"": 1, ""inside_pelvis"": true, ""thigh_depth"": 13.501192497850425}"
front,1,120,knee_far,hip_far,86.45,202.00211857020633,"{""sagittal_position"": [117.50119249785043, 202.2197615004299], ""flex"": 38.466957331949864, ""occluded_by"": ""shin""}"
front,1,120,ankle_far,knee_far,86.695,228.26,"{""foot_angle"": -0.35, ""foot_pitch"": 0, ""foot_asset"": ""foot"", ""contact"": true, ""sagittal_position"": [114, 230]}"
front,1,120,hip_near,root,103.8,181,"{""phase"": 5, ""inside_pelvis"": true, ""thigh_depth"": 10.748091892772663}"
front,1,120,knee_near,hip_near,104.14999999999999,203.7452062857944,"{""sagittal_position"": [114.74809189277266, 203.6744275678318], ""flex"": 78.75206665346361, ""occluded_by"": ""thigh""}"
front,1,120,ankle_near,knee_near,103.695,219.43,"{""foot_angle"": -0.35, ""foot_pitch"": 22, ""foot_asset"": ""foot_toe"", ""contact"": false, ""sagittal_position"": [92, 220]}"
front,1,120,shoulder_far,thorax,82.68198708178647,140.06904691816538,"{""upper_angle"": 12}"
front,1,120,elbow_far,shoulder_far,78.68198708178647,161.95421871014835,"{""flex"": 14, ""local_rotation"": -14, ""depth"": -4.5740571979907045}"
front,1,120,wrist_far,elbow_far,75.82131388317816,178.8963994539576,"{""local_rotation"": 10, ""depth"": -3.980765754048188}"
front,1,120,hand_far,wrist_far,76.08741343415639,185.8231665627507,"{""angle"": 8}"
front,1,120,shoulder_near,thorax,107.68160926194466,139.93160293196257,"{""upper_angle"": -12}"
front,1,120,elbow_near,shoulder_near,111.86457154986428,161.08492557226705,"{""flex"": 42, ""local_rotation"": -42, ""depth"": 4.5740571979907045}"
front,1,120,wrist_near,elbow_near,115.32306637552743,169.97701174888914,"{""local_rotation"": 21, ""depth"": 18.32734610236481}"
front,1,120,hand_near,wrist_near,115.30052458428294,175.8476624473215,"{""angle"": -33}"
front,2,240,root,,96,179.5,{}
front,2,240,sacrum,root,96,172,{}
front,2,240,lumbar,sacrum,96,160,{}
front,2,240,thorax,lumbar,96,143,{}
front,2,240,cervical,thorax,96,128,{}
front,2,240,waist,lumbar,96,160,{}
front,2,240,neck,cervical,96,124,{}
front,2,240,head,neck,96,124,{}
front,2,240,hip_far,root,87.5,179.5,"{""phase"": 2, ""inside_pelvis"": true, ""thigh_depth"": 2.559442220479596}"
front,2,240,knee_far,hip_far,87.15,201.88197466046907,"{""sagittal_position"": [106.5594422204796, 202.37371746618615], ""flex"": 15.020968015589153, ""occluded_by"": ""thigh""}"
front,2,240,ankle_far,knee_far,87.5,225.78,"{""foot_angle"": 0, ""foot_pitch"": 0, ""foot_asset"": ""foot"", ""contact"": true, ""sagittal_position"": [102, 230]}"
front,2,240,hip_near,root,104.5,179.5,"{""phase"": 6, ""inside_pelvis"": true, ""thigh_depth"": 19.2721812120285}"
front,2,240,knee_near,hip_near,104.85,196.43876817706612,"{""sagittal_position"": [123.2721812120285, 193.95230733544236], ""flex"": 69.35927675915639, ""occluded_by"": ""shin""}"
front,2,240,ankle_near,knee_near,104.5,221.72,"{""foot_angle"": 0, ""foot_pitch"": -6, ""foot_asset"": ""foot_heel"", ""contact"": false, ""sagittal_position"": [113, 220]}"
front,2,240,shoulder_far,thorax,83.5,138.5,"{""upper_angle"": 3}"
front,2,240,elbow_far,shoulder_far,79.5,160.5619610475882,"{""flex"": 20, ""local_rotation"": -20, ""depth"": -1.1513910373447642}"
front,2,240,wrist_far,elbow_far,76.36633752199704,176.4215163805369,"{""local_rotation"": 14, ""depth"": 3.8189279429417606}"
front,2,240,hand_far,wrist_far,76.5468857507593,183.40959113497487,"{""angle"": -3}"
front,2,240,shoulder_near,thorax,108.5,138.5,"{""upper_angle"": -2}"
front,2,240,elbow_near,shoulder_near,112.5307115570982,160.4251750802237,"{""flex"": 32, ""local_rotation"": -32, ""depth"": 0.7677889274550214}"
front,2,240,wrist_near,elbow_near,115.85959239002602,173.7583114649392,"{""local_rotation"": 15, ""depth"": 10.274068286457718}"
front,2,240,hand_near,wrist_near,115.70943332275884,180.37523792046838,"{""angle"": -19}"
front,3,360,root,,96.7,178,{}
front,3,360,sacrum,root,96.7,170.5,{}
front,3,360,lumbar,sacrum,96.7,158.5,{}
front,3,360,thorax,lumbar,96.7,141.5,{}
front,3,360,cervical,thorax,96.7,126.5,{}
front,3,360,waist,lumbar,96.7,158.5,{}
front,3,360,neck,cervical,96.7,122.5,{}
front,3,360,head,neck,96.7,122.5,{}
front,3,360,hip_far,root,88.2,178,"{""phase"": 3, ""inside_pelvis"": true, ""thigh_depth"": -0.8876836648214805}"
front,3,360,knee_far,hip_far,87.85000000000001,202.91352935974567,"{""sagittal_position"": [103.11231633517852, 203.98484207593359], ""flex"": 28.309187699274393, ""occluded_by"": ""thigh""}"
front,3,360,ankle_far,knee_far,88.305,226.1,"{""foot_angle"": 0.35, ""foot_pitch"": 8, ""foot_asset"": ""foot_toe"", ""contact"": true, ""sagittal_position"": [89, 228.16835976166024]}"
front,3,360,hip_near,root,105.2,178,"{""phase"": 7, ""inside_pelvis"": true, ""thigh_depth"": 12.128370902415995}"
front,3,360,knee_near,hip_near,105.55,200.43695895591608,"{""sagittal_position"": [116.128370902416, 200.99788292981398], ""flex"": 7.161910412476773, ""occluded_by"": ""shin""}"
front,3,360,ankle_near,knee_near,105.305,226,"{""foot_angle"": 0.35, ""foot_pitch"": -12, ""foot_asset"": ""foot_swing"", ""contact"": false, ""sagittal_position"": [126, 227.2]}"
front,3,360,shoulder_far,thorax,84.31839073805534,136.93160293196257,"{""upper_angle"": -8}"
front,3,360,elbow_far,shoulder_far,80.19591840921049,158.47255578658738,"{""flex"": 30, ""local_rotation"": -30, ""depth"": 3.0618082211214395}"
front,3,360,wrist_far,elbow_far,76.84490887249733,171.0314389914588,"{""local_rotation"": 20, ""depth"": 13.528053301657629}"
front,3,360,hand_far,wrist_far,76.89138588418562,177.68867236948984,"{""angle"": -18}"
front,3,360,shoulder_near,thorax,109.31801291821353,137.06904691816538,"{""upper_angle"": 10}"
front,3,360,elbow_near,shoulder_near,113.31801291821353,159.04043827712775,"{""flex"": 22, ""local_rotation"": -22, ""depth"": -3.820259908672467}"
front,3,360,wrist_near,elbow_near,116.30801127744655,175.3861875900903,"{""local_rotation"": 10, ""depth"": -0.2857611647705589}"
front,3,360,hand_near,wrist_near,116.03946030754656,182.37676693717816,"{""angle"": -2}"
front,4,480,root,,96.7,179.5,{}
front,4,480,sacrum,root,96.7,172,{}
front,4,480,lumbar,sacrum,96.7,160,{}
front,4,480,thorax,lumbar,96.7,143,{}
front,4,480,cervical,thorax,96.7,128,{}
front,4,480,waist,lumbar,96.7,160,{}
front,4,480,neck,cervical,96.7,124,{}
front,4,480,head,neck,96.7,124,{}
front,4,480,hip_far,root,88.2,179.5,"{""phase"": 4, ""inside_pelvis"": true, ""thigh_depth"": -5.508964755137342}"
front,4,480,knee_far,hip_far,87.85000000000001,203.35812196817852,"{""sagittal_position"": [98.49103524486266, 204.90966956350778], ""flex"": 29.09719828590949, ""occluded_by"": ""thigh""}"
front,4,480,ankle_far,knee_far,88.305,223.1,"{""foot_angle"": 0.35, ""foot_pitch"": 20, ""foot_asset"": ""foot_toe"", ""contact"": true, ""sagittal_position"": [80, 225.93540654400974]}"
front,4,480,hip_near,root,105.2,179.5,"{""phase"": 0, ""inside_pelvis"": true, ""thigh_depth"": 11.578807065270496}"
front,4,480,knee_near,hip_near,105.55,202.71056221955925,"{""sagittal_position"": [115.5788070652705, 202.77941637896538], ""flex"": 6.782988592399299, ""occluded_by"": ""shin""}"
front,4,480,ankle_near,knee_near,105.305,229,"{""foot_angle"": 0.35, ""foot_pitch"": -14, ""foot_asset"": ""foot_heel"", ""contact"": true, ""sagittal_position"": [125, 229.1468418066897]}"
front,4,480,shoulder_far,thorax,84.31839073805534,138.43160293196257,"{""upper_angle"": -16}"
front,4,480,elbow_far,shoulder_far,80.07582986493638,159.09423849636767,"{""flex"": 40, ""local_rotation"": -40, ""depth"": 6.064021827973981}"
front,4,480,wrist_far,elbow_far,76.612872618406,167.4730267566955,"{""local_rotation"": 23, ""depth"": 20.157660561409692}"
front,4,480,hand_far,wrist_far,76.59852782118507,173.34370320682882,"{""angle"": -33}"
front,4,480,shoulder_near,thorax,109.31801291821353,138.56904691816538,"{""upper_angle"": 16}"
front,4,480,elbow_near,shoulder_near,113.31801291821353,160.20192597504632,"{""flex"": 16, ""local_rotation"": -16, ""depth"": -6.064021827973981}"
front,4,480,wrist_near,elbow_near,116.10577215423444,177.20192597504632,"{""local_rotation"": 8, ""depth"": -6.064021827973981}"
front,4,480,hand_near,wrist_near,115.79615598087308,184.126884413599,"{""angle"": 8}"
front,5,600,root,,96.7,181,{}
front,5,600,sacrum,root,96.7,173.5,{}
front,5,600,lumbar,sacrum,96.7,161.5,{}
front,5,600,thorax,lumbar,96.7,144.5,{}
front,5,600,cervical,thorax,96.7,129.5,{}
front,5,600,waist,lumbar,96.7,161.5,{}
front,5,600,neck,cervical,96.7,125.5,{}
front,5,600,head,neck,96.7,125.5,{}
front,5,600,hip_far,root,88.2,181,"{""phase"": 5, ""inside_pelvis"": true, ""thigh_depth"": 10.748091892772663}"
front,5,600,knee_far,hip_far,87.85000000000001,203.7452062857944,"{""sagittal_position"": [114.74809189277266, 203.6744275678318], ""flex"": 78.75206665346361, ""occluded_by"": ""thigh""}"
front,5,600,ankle_far,knee_far,88.305,219.43,"{""foot_angle"": 0.35, ""foot_pitch"": 22, ""foot_asset"": ""foot_toe"", ""contact"": false, ""sagittal_position"": [92, 220]}"
front,5,600,hip_near,root,105.2,181,"{""phase"": 1, ""inside_pelvis"": true, ""thigh_depth"": 13.501192497850425}"
front,5,600,knee_near,hip_near,105.55,202.00211857020633,"{""sagittal_position"": [117.50119249785043, 202.2197615004299], ""flex"": 38.466957331949864, ""occluded_by"": ""shin""}"
front,5,600,ankle_near,knee_near,105.305,228.26,"{""foot_angle"": 0.35, ""foot_pitch"": 0, ""foot_asset"": ""foot"", ""contact"": true, ""sagittal_position"": [114, 230]}"
front,5,600,shoulder_far,thorax,84.31839073805534,139.93160293196257,"{""upper_angle"": -12}"
front,5,600,elbow_far,shoulder_far,80.13542845013572,161.08492557226705,"{""flex"": 42, ""local_rotation"": -42, ""depth"": 4.5740571979907045}"
front,5,600,wrist_far,elbow_far,76.67693362447257,169.97701174888914,"{""local_rotation"": 21, ""depth"": 18.32734610236481}"
front,5,600,hand_far,wrist_far,76.69947541571706,175.8476624473215,"{""angle"": -33}"
front,5,600,shoulder_near,thorax,109.31801291821353,140.06904691816538,"{""upper_angle"": 12}"
front,5,600,elbow_near,shoulder_near,113.31801291821353,161.95421871014835,"{""flex"": 14, ""local_rotation"": -14, ""depth"": -4.5740571979907045}"
front,5,600,wrist_near,elbow_near,116.17868611682184,178.8963994539576,"{""local_rotation"": 10, ""depth"": -3.980765754048188}"
front,5,600,hand_near,wrist_near,115.91258656584361,185.8231665627507,"{""angle"": 8}"
front,6,720,root,,96,179.5,{}
front,6,720,sacrum,root,96,172,{}
front,6,720,lumbar,sacrum,96,160,{}
front,6,720,thorax,lumbar,96,143,{}
front,6,720,cervical,thorax,96,128,{}
front,6,720,waist,lumbar,96,160,{}
front,6,720,neck,cervical,96,124,{}
front,6,720,head,neck,96,124,{}
front,6,720,hip_far,root,87.5,179.5,"{""phase"": 6, ""inside_pelvis"": true, ""thigh_depth"": 19.2721812120285}"
front,6,720,knee_far,hip_far,87.15,196.43876817706612,"{""sagittal_position"": [123.2721812120285, 193.95230733544236], ""flex"": 69.35927675915639, ""occluded_by"": ""shin""}"
front,6,720,ankle_far,knee_far,87.5,221.72,"{""foot_angle"": 0, ""foot_pitch"": -6, ""foot_asset"": ""foot_heel"", ""contact"": false, ""sagittal_position"": [113, 220]}"
front,6,720,hip_near,root,104.5,179.5,"{""phase"": 2, ""inside_pelvis"": true, ""thigh_depth"": 2.559442220479596}"
front,6,720,knee_near,hip_near,104.85,201.88197466046907,"{""sagittal_position"": [106.5594422204796, 202.37371746618615], ""flex"": 15.020968015589153, ""occluded_by"": ""thigh""}"
front,6,720,ankle_near,knee_near,104.5,225.78,"{""foot_angle"": 0, ""foot_pitch"": 0, ""foot_asset"": ""foot"", ""contact"": true, ""sagittal_position"": [102, 230]}"
front,6,720,shoulder_far,thorax,83.5,138.5,"{""upper_angle"": -2}"
front,6,720,elbow_far,shoulder_far,79.4692884429018,160.4251750802237,"{""flex"": 32, ""local_rotation"": -32, ""depth"": 0.7677889274550214}"
front,6,720,wrist_far,elbow_far,76.14040760997398,173.7583114649392,"{""local_rotation"": 15, ""depth"": 10.274068286457718}"
front,6,720,hand_far,wrist_far,76.29056667724116,180.37523792046838,"{""angle"": -19}"
front,6,720,shoulder_near,thorax,108.5,138.5,"{""upper_angle"": 3}"
front,6,720,elbow_near,shoulder_near,112.5,160.5619610475882,"{""flex"": 20, ""local_rotation"": -20, ""depth"": -1.1513910373447642}"
front,6,720,wrist_near,elbow_near,115.63366247800296,176.4215163805369,"{""local_rotation"": 14, ""depth"": 3.8189279429417606}"
front,6,720,hand_near,wrist_near,115.4531142492407,183.40959113497487,"{""angle"": -3}"
front,7,840,root,,95.3,178,{}
front,7,840,sacrum,root,95.3,170.5,{}
front,7,840,lumbar,sacrum,95.3,158.5,{}
front,7,840,thorax,lumbar,95.3,141.5,{}
front,7,840,cervical,thorax,95.3,126.5,{}
front,7,840,waist,lumbar,95.3,158.5,{}
front,7,840,neck,cervical,95.3,122.5,{}
front,7,840,head,neck,95.3,122.5,{}
front,7,840,hip_far,root,86.8,178,"{""phase"": 7, ""inside_pelvis"": true, ""thigh_depth"": 12.128370902415995}"
front,7,840,knee_far,hip_far,86.45,200.43695895591608,"{""sagittal_position"": [116.128370902416, 200.99788292981398], ""flex"": 7.161910412476773, ""occluded_by"": ""shin""}"
front,7,840,ankle_far,knee_far,86.695,226,"{""foot_angle"": -0.35, ""foot_pitch"": -12, ""foot_asset"": ""foot_swing"", ""contact"": false, ""sagittal_position"": [126, 227.2]}"
front,7,840,hip_near,root,103.8,178,"{""phase"": 3, ""inside_pelvis"": true, ""thigh_depth"": -0.8876836648214805}"
front,7,840,knee_near,hip_near,104.14999999999999,202.91352935974567,"{""sagittal_position"": [103.11231633517852, 203.98484207593359], ""flex"": 28.309187699274393, ""occluded_by"": ""thigh""}"
front,7,840,ankle_near,knee_near,103.695,226.1,"{""foot_angle"": -0.35, ""foot_pitch"": 8, ""foot_asset"": ""foot_toe"", ""contact"": true, ""sagittal_position"": [89, 228.16835976166024]}"
front,7,840,shoulder_far,thorax,82.68198708178647,137.06904691816538,"{""upper_angle"": 10}"
front,7,840,elbow_far,shoulder_far,78.68198708178647,159.04043827712775,"{""flex"": 22, ""local_rotation"": -22, ""depth"": -3.820259908672467}"
front,7,840,wrist_far,elbow_far,75.69198872255345,175.3861875900903,"{""local_rotation"": 10, ""depth"": -0.2857611647705589}"
front,7,840,hand_far,wrist_far,75.96053969245344,182.37676693717816,"{""angle"": -2}"
front,7,840,shoulder_near,thorax,107.68160926194466,136.93160293196257,"{""upper_angle"": -8}"
front,7,840,elbow_near,shoulder_near,111.80408159078951,158.47255578658738,"{""flex"": 30, ""local_rotation"": -30, ""depth"": 3.0618082211214395}"
front,7,840,wrist_near,elbow_near,115.15509112750267,171.0314389914588,"{""local_rotation"": 20, ""depth"": 13.528053301657629}"
front,7,840,hand_near,wrist_near,115.10861411581438,177.68867236948984,"{""angle"": -18}"
down_right,0,0,root,,95.50502525316942,179.5,{}
down_right,0,0,sacrum,root,93.0301515190165,172,{}
down_right,0,0,lumbar,sacrum,94.4443650813896,160,{}
down_right,0,0,thorax,lumbar,94.09081169079633,143,{}
down_right,0,0,waist,lumbar,95.50502525316942,160,{}
down_right,0,0,cervical,thorax,96.57251701876936,137.01934593336438,{}
down_right,0,0,neck,cervical,94.57251701876936,128.01934593336438,{}
down_right,0,0,head,neck,94.57251701876936,128.01934593336438,{}
down_right,0,0,hip_far,root,101.51543289325508,178.41812662478458,"{""phase"": 4, ""inside_pelvis"": true, ""depth"": -6.010407640085654, ""thigh_depth"": -9.905833975760956}"
down_right,0,0,knee_far,hip_far,97.62000655757979,201.60032632068638,"{""depth"": -9.905833975760956, ""flex"": 29.09719828590949, ""sagittal_position"": [98.49103524486266, 204.90966956350778], ""occluded_by"": ""thigh""}"
down_right,0,0,ankle_far,knee_far,84.54487014477795,219.0095771106801,"{""depth"": -22.980970388562795, ""contact"": true, ""foot_angle"": 1.9798989873223332, ""foot_pitch"": 20, ""foot_asset"": ""foot_toe"", ""ground_y"": 233.3634253300587, ""ground_slope"": 0.18, ""lift"": 0, ""sagittal_position"": [80, 225.93540654400974]}"
down_right,0,0,hip_near,root,89.49461761308376,180.58187337521542,"{""phase"": 0, ""inside_pelvis"": true, ""depth"": 6.010407640085654, ""thigh_depth"": 14.19786063398913}"
down_right,0,0,knee_near,hip_near,97.68207060698724,203.09331580109438,"{""depth"": 14.19786063398913, ""flex"": 6.782988592399299, ""sagittal_position"": [115.5788070652705, 202.77941637896538], ""occluded_by"": ""shin""}"
down_right,0,0,ankle_near,knee_near,104.34386001800127,228.12078480369348,"{""depth"": 20.859650045003153, ""contact"": true, ""foot_angle"": -1.3859292911256331, ""foot_pitch"": -14, ""foot_asset"": ""foot_heel"", ""ground_y"": 241.25473700810056, ""ground_slope"": 0.18, ""lift"": 0, ""sagittal_position"": [125, 229.1468418066897]}"
down_right,0,0,shoulder_far,thorax,106.99527816782077,140.27757398398091,"{""upper_angle"": -16, ""depth"": -10.253048327204938}"
down_right,0,0,elbow_far,shoulder_far,114.28313268662356,161.08229841815805,"{""flex"": 40, ""local_rotation"": -40, ""depth"": -8.965080934360426}"
down_right,0,0,wrist_far,elbow_far,126.69752075861005,169.79132117556026,"{""local_rotation"": 23, ""depth"": -1.4480539663353795}"
down_right,0,0,hand_far,wrist_far,129.16374666472308,175.48129802596262,"{""angle"": -23.43351872852218, ""depth"": -1.4480539663353795}"
down_right,0,0,shoulder_near,thorax,85.97699463206398,140.75898566906417,"{""upper_angle"": 16, ""depth"": 8.838834764831843}"
down_right,0,0,elbow_near,shoulder_near,78.86065655149415,162.24977585617307,"{""flex"": 16, ""local_rotation"": -16, ""depth"": 7.379350933754386}"
down_right,0,0,wrist_near,elbow_near,76.88941309138832,179.24977585617307,"{""local_rotation"": 8, ""depth"": 9.350594393860202}"
down_right,0,0,hand_near,wrist_near,76.4230393689872,186.18594392856343,"{""angle"": 3.846660889654818, ""depth"": 9.350594393860202}"
down_right,1,120,root,,95.50502525316942,180,{}
down_right,1,120,sacrum,root,93.0301515190165,172.5,{}
down_right,1,120,lumbar,sacrum,94.4443650813896,160.5,{}
down_right,1,120,thorax,lumbar,94.09081169079633,143.5,{}
down_right,1,120,waist,lumbar,95.50502525316942,160.5,{}
down_right,1,120,cervical,thorax,96.57251701876936,137.51934593336438,{}
down_right,1,120,neck,cervical,94.57251701876936,128.51934593336438,{}
down_right,1,120,head,neck,94.57251701876936,128.51934593336438,{}
down_right,1,120,hip_far,root,101.51543289325508,178.91812662478458,"{""phase"": 5, ""inside_pelvis"": true, ""depth"": -6.010407640085654, ""thigh_depth"": 1.5896410221100519}"
down_right,1,120,knee_far,hip_far,109.11548155545078,202.37156549649325,"{""depth"": 1.5896410221100519, ""flex"": 78.75206665346361, ""sagittal_position"": [114.74809189277266, 203.6744275678318], ""occluded_by"": ""thigh""}"
down_right,1,120,ankle_far,knee_far,93.03015151901651,214.70602687290273,"{""depth"": -14.495689014324224, ""contact"": false, ""foot_angle"": 2.1778888860545664, ""foot_pitch"": 22, ""foot_asset"": ""foot_toe"", ""ground_y"": 234.89077597742164, ""ground_slope"": 0.18, ""lift"": 5.6293014373757835, ""sagittal_position"": [92, 220]}"
down_right,1,120,hip_near,root,89.49461761308376,181.08187337521542,"{""phase"": 1, ""inside_pelvis"": true, ""depth"": 6.010407640085654, ""thigh_depth"": 15.557192409420633}"
down_right,1,120,knee_near,hip_near,99.04140238241874,202.21330874950715,"{""depth"": 15.557192409420633, ""flex"": 38.466957331949864, ""sagittal_position"": [117.50119249785043, 202.2197615004299], ""occluded_by"": ""shin""}"
down_right,1,120,ankle_near,knee_near,96.56568542494924,226.0387845927903,"{""depth"": 13.081475451951128, ""contact"": true, ""foot_angle"": 0, ""foot_pitch"": 0, ""foot_asset"": ""foot"", ""ground_y"": 239.8546655813512, ""ground_slope"": 0.18, ""lift"": 0, ""sagittal_position"": [114, 230]}"
down_right,1,120,shoulder_far,thorax,106.99527816782077,140.77757398398091,"{""upper_angle"": -12, ""depth"": -10.253048327204938}"
down_right,1,120,elbow_far,shoulder_far,113.18742602929069,162.0380734511459,"{""flex"": 42, ""local_rotation"": -42, ""depth"": -9.976502464206138}"
down_right,1,120,wrist_far,elbow_far,125.35799502111632,171.2524192322859,"{""local_rotation"": 21, ""depth"": -2.696983760230495}"
down_right,1,120,hand_far,wrist_far,127.7989167686956,176.95329704191244,"{""angle"": -23.178960287295023, ""depth"": -2.696983760230495}"
down_right,1,120,shoulder_near,thorax,85.97699463206398,141.25898566906417,"{""upper_angle"": 12, ""depth"": 8.838834764831843}"
down_right,1,120,elbow_near,shoulder_near,79.91422064508343,163.03698063418665,"{""flex"": 14, ""local_rotation"": -14, ""depth"": 8.432915027343666}"
down_right,1,120,wrist_near,elbow_near,78.31093963082058,179.99306306125274,"{""local_rotation"": 10, ""depth"": 10.875236848069928}"
down_right,1,120,hand_near,wrist_near,77.81375402993342,186.92709063948345,"{""angle"": 4.101219330881975, ""depth"": 10.875236848069928}"
down_right,2,240,root,,96,176.5,{}
down_right,2,240,sacrum,root,93.52512626584708,169,{}
down_right,2,240,lumbar,sacrum,94.93933982822018,157,{}
down_right,2,240,thorax,lumbar,94.58578643762691,140,{}
down_right,2,240,waist,lumbar,96,157,{}
down_right,2,240,cervical,thorax,97.06749176559994,134.01934593336438,{}
down_right,2,240,neck,cervical,95.06749176559994,125.01934593336438,{}
down_right,2,240,head,neck,95.06749176559994,125.01934593336438,{}
down_right,2,240,hip_far,root,102.01040764008566,175.41812662478458,"{""phase"": 6, ""inside_pelvis"": true, ""depth"": -6.010407640085654, ""thigh_depth"": 7.617082383195675}"
down_right,2,240,knee_far,hip_far,115.63789766336699,192.75386291167072,"{""depth"": 7.617082383195675, ""flex"": 69.35927675915639, ""sagittal_position"": [123.2721812120285, 193.95230733544236], ""occluded_by"": ""shin""}"
down_right,2,240,ankle_far,knee_far,108.37436867076458,213.65909462114675,"{""depth"": 0.35355339059327484, ""contact"": false, ""foot_angle"": -0.5939696961966999, ""foot_pitch"": -6, ""foot_asset"": ""foot_swing"", ""ground_y"": 237.56363961030678, ""ground_slope"": 0.18, ""lift"": 9.543094939242454, ""sagittal_position"": [113, 220]}"
down_right,2,240,hip_near,root,89.98959235991434,177.58187337521542,"{""phase"": 2, ""inside_pelvis"": true, ""depth"": 6.010407640085654, ""thigh_depth"": 7.820206590241931}"
down_right,2,240,knee_near,hip_near,91.79939131007062,200.8102695605806,"{""depth"": 7.820206590241931, ""flex"": 15.020968015589153, ""sagittal_position"": [106.5594422204796, 202.37371746618615], ""occluded_by"": ""thigh""}"
down_right,2,240,ankle_near,knee_near,88.57537879754125,224.68389728935875,"{""depth"": 4.596194077712559, ""contact"": true, ""foot_angle"": 0, ""foot_pitch"": 0, ""foot_asset"": ""foot"", ""ground_y"": 238.32731493398825, ""ground_slope"": 0.18, ""lift"": 0, ""sagittal_position"": [102, 230]}"
down_right,2,240,shoulder_far,thorax,107.49025291465135,137.27757398398091,"{""upper_angle"": -2, ""depth"": -10.253048327204938}"
down_right,2,240,elbow_far,shoulder_far,110.88330514680587,159.22073947783116,"{""flex"": 32, ""local_rotation"": -32, ""depth"": -12.560283045112673}"
down_right,2,240,wrist_far,elbow_far,119.95913395613556,172.7766218433785,"{""local_rotation"": 15, ""depth"": -8.192202657233342}"
down_right,2,240,hand_far,wrist_far,121.41765491279239,179.34701513840668,"{""angle"": -12.51579002700189, ""depth"": -8.192202657233342}"
down_right,2,240,shoulder_near,thorax,86.47196937889456,137.75898566906417,"{""upper_angle"": 3, ""depth"": 8.838834764831843}"
down_right,2,240,elbow_near,shoulder_near,82.82938584384448,159.79396794648912,"{""flex"": 20, ""local_rotation"": -20, ""depth"": 10.853105479274136}"
down_right,2,240,wrist_near,elbow_near,84.12809811131953,175.76998509741102,"{""local_rotation"": 14, ""depth"": 16.583485723040678}"
down_right,2,240,hand_near,wrist_near,84.51455056751149,182.75251559273184,"{""angle"": -3.167838379715733, ""depth"": 16.583485723040678}"
down_right,3,360,root,,96.49497474683058,178,{}
down_right,3,360,sacrum,root,94.02010101267766,170.5,{}
down_right,3,360,lumbar,sacrum,95.43431457505076,158.5,{}
down_right,3,360,thorax,lumbar,95.08076118445749,141.5,{}
down_right,3,360,waist,lumbar,96.49497474683058,158.5,{}
down_right,3,360,cervical,thorax,97.56246651243052,135.51934593336438,{}
down_right,3,360,neck,cervical,95.56246651243052,126.51934593336438,{}
down_right,3,360,head,neck,95.56246651243052,126.51934593336438,{}
down_right,3,360,hip_far,root,102.50538238691624,176.91812662478458,"{""phase"": 7, ""inside_pelvis"": true, ""depth"": -6.010407640085654, ""thigh_depth"": 2.565645669758303}"
down_right,3,360,knee_far,hip_far,111.0814356967602,198.52689677826012,"{""depth"": 2.565645669758303, ""flex"": 7.161910412476773, ""sagittal_position"": [116.128370902416, 200.99788292981398], ""occluded_by"": ""shin""}"
down_right,3,360,ankle_far,knee_far,118.06173157302028,222.64404514432212,"{""depth"": 9.545941546018394, ""contact"": false, ""foot_angle"": -1.1879393923933999, ""foot_pitch"": -12, ""foot_asset"": ""foot_swing"", ""ground_y"": 239.2182694782833, ""ground_slope"": 0.18, ""lift"": 2.022670337105547, ""sagittal_position"": [126, 227.2]}"
down_right,3,360,hip_near,root,90.48456710674492,179.08187337521542,"{""phase"": 3, ""inside_pelvis"": true, ""depth"": 6.010407640085654, ""thigh_depth"": 5.382720501141859}"
down_right,3,360,knee_near,hip_near,89.85687996780112,202.18109884505526,"{""depth"": 5.382720501141859, ""flex"": 28.309187699274393, ""sagittal_position"": [103.11231633517852, 203.98484207593359], ""occluded_by"": ""thigh""}"
down_right,3,360,ankle_near,knee_near,79.8779653889467,221.98798378287205,"{""depth"": -4.59619407771256, ""contact"": true, ""foot_angle"": 0.7919595949289332, ""foot_pitch"": 8, ""foot_asset"": ""foot_toe"", ""ground_y"": 236.67268506601175, ""ground_slope"": 0.18, ""lift"": 0, ""sagittal_position"": [89, 228.16835976166024]}"
down_right,3,360,shoulder_far,thorax,107.98522766148193,138.77757398398091,"{""upper_angle"": 10, ""depth"": -10.253048327204938}"
down_right,3,360,elbow_far,shoulder_far,108.11232309891071,160.65945108523488,"{""flex"": 22, ""local_rotation"": -22, ""depth"": -15.782807139268531}"
down_right,3,360,wrist_far,elbow_far,112.72583924436942,177.0880188553169,"{""local_rotation"": 10, ""depth"": -15.397787224910482}"
down_right,3,360,hand_far,wrist_far,112.7085688262648,184.08498228887333,"{""angle"": 0.1414213562373099, ""depth"": -15.397787224910482}"
down_right,3,360,shoulder_near,thorax,86.96694412572513,139.25898566906417,"{""upper_angle"": -8, ""depth"": 8.838834764831843}"
down_right,3,360,elbow_near,shoulder_near,86.21694134259273,160.87168115291092,"{""flex"": 30, ""local_rotation"": -30, ""depth"": 13.918888259659632}"
down_right,3,360,wrist_near,elbow_near,91.24817264536954,173.67580373462457,"{""local_rotation"": 20, ""depth"": 23.68916269689778}"
down_right,3,360,hand_near,wrist_near,92.7695709409808,180.26005963221297,"{""angle"": -13.010764773832474, ""depth"": 23.68916269689778}"
down_right,4,480,root,,96.49497474683058,179.5,{}
down_right,4,480,sacrum,root,94.02010101267766,172,{}
down_right,4,480,lumbar,sacrum,95.43431457505076,160,{}
down_right,4,480,thorax,lumbar,95.08076118445749,143,{}
down_right,4,480,waist,lumbar,96.49497474683058,160,{}
down_right,4,480,cervical,thorax,97.56246651243052,137.01934593336438,{}
down_right,4,480,neck,cervical,95.56246651243052,128.01934593336438,{}
down_right,4,480,head,neck,95.56246651243052,128.01934593336438,{}
down_right,4,480,hip_far,root,102.50538238691624,178.41812662478458,"{""phase"": 0, ""inside_pelvis"": true, ""depth"": -6.010407640085654, ""thigh_depth"": 2.177045353817822}"
down_right,4,480,knee_far,hip_far,110.69283538081972,201.0372454414485,"{""depth"": 2.177045353817822, ""flex"": 6.782988592399299, ""sagittal_position"": [115.5788070652705, 202.77941637896538], ""occluded_by"": ""shin""}"
down_right,4,480,ankle_far,knee_far,117.35462479183374,226.18667408247373,"{""depth"": 8.838834764831844, ""contact"": true, ""foot_angle"": -1.3859292911256331, ""foot_pitch"": -14, ""foot_asset"": ""foot_heel"", ""ground_y"": 239.09099025766974, ""ground_slope"": 0.18, ""lift"": 0, ""sagittal_position"": [125, 229.1468418066897]}"
down_right,4,480,hip_near,root,90.48456710674492,180.58187337521542,"{""phase"": 4, ""inside_pelvis"": true, ""depth"": 6.010407640085654, ""thigh_depth"": 2.114981304410351}"
down_right,4,480,knee_near,hip_near,86.58914077106962,203.61739061282157,"{""depth"": 2.114981304410351, ""flex"": 29.09719828590949, ""sagittal_position"": [98.49103524486266, 204.90966956350778], ""occluded_by"": ""thigh""}"
down_right,4,480,ankle_near,knee_near,73.51400435826778,220.90526608228745,"{""depth"": -10.96015510839149, ""contact"": true, ""foot_angle"": 1.9798989873223332, ""foot_pitch"": 20, ""foot_asset"": ""foot_toe"", ""ground_y"": 235.52717208048952, ""ground_slope"": 0.18, ""lift"": 0, ""sagittal_position"": [80, 225.93540654400974]}"
down_right,4,480,shoulder_far,thorax,107.98522766148193,140.27757398398091,"{""upper_angle"": 16, ""depth"": -10.253048327204938}"
down_right,4,480,elbow_far,shoulder_far,106.52574383040447,161.76836417108981,"{""flex"": 16, ""local_rotation"": -16, ""depth"": -17.369386407774773}"
down_right,4,480,wrist_far,elbow_far,108.49698729051029,178.76836417108981,"{""local_rotation"": 8, ""depth"": -19.34062986788059}"
down_right,4,480,hand_far,wrist_far,107.59355560477141,185.66124043333306,"{""angle"": 7.467047609329942, ""depth"": -19.34062986788059}"
down_right,4,480,shoulder_near,thorax,86.96694412572513,140.75898566906417,"{""upper_angle"": -16, ""depth"": 8.838834764831843}"
down_right,4,480,elbow_near,shoulder_near,88.25491151856964,161.5637101032413,"{""flex"": 40, ""local_rotation"": -40, ""depth"": 16.126689283634626}"
down_right,4,480,wrist_near,elbow_near,95.77193848659469,170.27273286064352,"{""local_rotation"": 23, ""depth"": 28.54107735562113}"
down_right,4,480,hand_near,wrist_near,98.21848756197353,175.97119795221516,"{""angle"": -23.23552882978995, ""depth"": 28.54107735562113}"
down_right,5,600,root,,96.49497474683058,180,{}
down_right,5,600,sacrum,root,94.02010101267766,172.5,{}
down_right,5,600,lumbar,sacrum,95.43431457505076,160.5,{}
down_right,5,600,thorax,lumbar,95.08076118445749,143.5,{}
down_right,5,600,waist,lumbar,96.49497474683058,160.5,{}
down_right,5,600,cervical,thorax,97.56246651243052,137.51934593336438,{}
down_right,5,600,neck,cervical,95.56246651243052,128.51934593336438,{}
down_right,5,600,head,neck,95.56246651243052,128.51934593336438,{}
down_right,5,600,hip_far,root,102.50538238691624,178.91812662478458,"{""phase"": 1, ""inside_pelvis"": true, ""depth"": -6.010407640085654, ""thigh_depth"": 3.536377129249325}"
down_right,5,600,knee_far,hip_far,112.05216715625122,200.15813800621845,"{""depth"": 3.536377129249325, ""flex"": 38.466957331949864, ""sagittal_position"": [117.50119249785043, 202.2197615004299], ""occluded_by"": ""shin""}"
down_right,5,600,ankle_far,knee_far,109.57645019878171,224.11936091292895,"{""depth"": 1.0606601717798219, ""contact"": true, ""foot_angle"": 0, ""foot_pitch"": 0, ""foot_asset"": ""foot"", ""ground_y"": 237.69091883092037, ""ground_slope"": 0.18, ""lift"": 0, ""sagittal_position"": [114, 230]}"
down_right,5,600,hip_near,root,90.48456710674492,181.08187337521542,"{""phase"": 5, ""inside_pelvis"": true, ""depth"": 6.010407640085654, ""thigh_depth"": 13.61045630228136}"
down_right,5,600,knee_near,hip_near,98.08461576894062,204.37652430569145,"{""depth"": 13.61045630228136, ""flex"": 78.75206665346361, ""sagittal_position"": [114.74809189277266, 203.6744275678318], ""occluded_by"": ""thigh""}"
down_right,5,600,ankle_near,knee_near,81.99928573250635,216.60148761594826,"{""depth"": -2.4748737341529177, ""contact"": false, ""foot_angle"": 2.1778888860545664, ""foot_pitch"": 22, ""foot_asset"": ""foot_toe"", ""ground_y"": 237.0545227278525, ""ground_slope"": 0.18, ""lift"": 5.6293014373757835, ""sagittal_position"": [92, 220]}"
down_right,5,600,shoulder_far,thorax,107.98522766148193,140.77757398398091,"{""upper_angle"": 12, ""depth"": -10.253048327204938}"
down_right,5,600,elbow_far,shoulder_far,107.57930792399374,162.5555689491034,"{""flex"": 14, ""local_rotation"": -14, ""depth"": -16.315822314185493}"
down_right,5,600,wrist_far,elbow_far,110.02162974472,179.51165137616948,"{""local_rotation"": 10, ""depth"": -17.919103328448333}"
down_right,5,600,hand_far,wrist_far,109.14883111707054,186.40847343658012,"{""angle"": 7.212489168102785, ""depth"": -17.919103328448333}"
down_right,5,600,shoulder_near,thorax,86.96694412572513,141.25898566906417,"{""upper_angle"": -12, ""depth"": 8.838834764831843}"
down_right,5,600,elbow_near,shoulder_near,87.24348998872394,162.51948513622915,"{""flex"": 42, ""local_rotation"": -42, ""depth"": 15.030982626301775}"
down_right,5,600,wrist_near,elbow_near,94.52300869269958,171.73383091736915,"{""local_rotation"": 21, ""depth"": 27.201551618127397}"
down_right,5,600,hand_near,wrist_near,96.99485115168412,177.42137007205275,"{""angle"": -23.490087271017106, ""depth"": 27.201551618127397}"
down_right,6,720,root,,96,176.5,{}
down_right,6,720,sacrum,root,93.52512626584708,169,{}
down_right,6,720,lumbar,sacrum,94.93933982822018,157,{}
down_right,6,720,thorax,lumbar,94.58578643762691,140,{}
down_right,6,720,waist,lumbar,96,157,{}
down_right,6,720,cervical,thorax,97.06749176559994,134.01934593336438,{}
down_right,6,720,neck,cervical,95.06749176559994,125.01934593336438,{}
down_right,6,720,head,neck,95.06749176559994,125.01934593336438,{}
down_right,6,720,hip_far,root,102.01040764008566,175.41812662478458,"{""phase"": 2, ""inside_pelvis"": true, ""depth"": -6.010407640085654, ""thigh_depth"": -4.200608689929377}"
down_right,6,720,knee_far,hip_far,103.82020659024194,198.7646825503065,"{""depth"": -4.200608689929377, ""flex"": 15.020968015589153, ""sagittal_position"": [106.5594422204796, 202.37371746618615], ""occluded_by"": ""thigh""}"
down_right,6,720,ankle_far,knee_far,100.59619407771257,222.7644736094974,"{""depth"": -7.424621202458749, ""contact"": true, ""foot_angle"": 0, ""foot_pitch"": 0, ""foot_asset"": ""foot"", ""ground_y"": 236.16356818355743, ""ground_slope"": 0.18, ""lift"": 0, ""sagittal_position"": [102, 230]}"
down_right,6,720,hip_near,root,89.98959235991434,177.58187337521542,"{""phase"": 6, ""inside_pelvis"": true, ""depth"": 6.010407640085654, ""thigh_depth"": 19.63789766336698}"
down_right,6,720,knee_near,hip_near,103.61708238319567,194.81377154328254,"{""depth"": 19.63789766336698, ""flex"": 69.35927675915639, ""sagittal_position"": [123.2721812120285, 193.95230733544236], ""occluded_by"": ""shin""}"
down_right,6,720,ankle_near,knee_near,96.35355339059326,215.56402412284314,"{""depth"": 12.374368670764582, ""contact"": false, ""foot_angle"": -0.5939696961966999, ""foot_pitch"": -6, ""foot_asset"": ""foot_swing"", ""ground_y"": 239.72738636073763, ""ground_slope"": 0.18, ""lift"": 9.543094939242454, ""sagittal_position"": [113, 220]}"
down_right,6,720,shoulder_far,thorax,107.49025291465135,137.27757398398091,"{""upper_angle"": 3, ""depth"": -10.253048327204938}"
down_right,6,720,elbow_far,shoulder_far,109.50452362909364,159.31255626140583,"{""flex"": 20, ""local_rotation"": -20, ""depth"": -13.895631862255023}"
down_right,6,720,wrist_far,elbow_far,115.23490387286019,175.2885734123278,"{""local_rotation"": 14, ""depth"": -12.59691959477995}"
down_right,6,720,hand_far,wrist_far,115.36608080287724,182.2805595559077,"{""angle"": -1.074802307403552, ""depth"": -12.59691959477995}"
down_right,6,720,shoulder_near,thorax,86.47196937889456,137.75898566906417,"{""upper_angle"": -2, ""depth"": 8.838834764831843}"
down_right,6,720,elbow_near,shoulder_near,84.16473466098681,159.70215116291442,"{""flex"": 32, ""local_rotation"": -32, ""depth"": 12.231886996986361}"
down_right,6,720,wrist_near,elbow_near,88.53281504886614,173.25803352846177,"{""local_rotation"": 15, ""depth"": 21.307715806316057}"
down_right,6,720,hand_near,wrist_near,90.2013764572406,179.77825240966826,"{""angle"": -14.354267658086913, ""depth"": 21.307715806316057}"
down_right,7,840,root,,95.50502525316942,178,{}
down_right,7,840,sacrum,root,93.0301515190165,170.5,{}
down_right,7,840,lumbar,sacrum,94.4443650813896,158.5,{}
down_right,7,840,thorax,lumbar,94.09081169079633,141.5,{}
down_right,7,840,waist,lumbar,95.50502525316942,158.5,{}
down_right,7,840,cervical,thorax,96.57251701876936,135.51934593336438,{}
down_right,7,840,neck,cervical,94.57251701876936,126.51934593336438,{}
down_right,7,840,head,neck,94.57251701876936,126.51934593336438,{}
down_right,7,840,hip_far,root,101.51543289325508,176.91812662478458,"{""phase"": 3, ""inside_pelvis"": true, ""depth"": -6.010407640085654, ""thigh_depth"": -6.638094779029449}"
down_right,7,840,knee_far,hip_far,100.88774575431128,200.1554493350552,"{""depth"": -6.638094779029449, ""flex"": 28.309187699274393, ""sagittal_position"": [103.11231633517852, 203.98484207593359], ""occluded_by"": ""thigh""}"
down_right,7,840,ankle_far,knee_far,90.90883117545687,220.0908583195662,"{""depth"": -16.617009357883866, ""contact"": true, ""foot_angle"": 0.7919595949289332, ""foot_pitch"": 8, ""foot_asset"": ""foot_toe"", ""ground_y"": 234.5089383155809, ""ground_slope"": 0.18, ""lift"": 0, ""sagittal_position"": [89, 228.16835976166024]}"
down_right,7,840,hip_near,root,89.49461761308376,179.08187337521542,"{""phase"": 7, ""inside_pelvis"": true, ""depth"": 6.010407640085654, ""thigh_depth"": 14.58646094992961}"
down_right,7,840,knee_near,hip_near,98.07067092292772,200.569727801862,"{""depth"": 14.58646094992961, ""flex"": 7.161910412476773, ""sagittal_position"": [116.128370902416, 200.99788292981398], ""occluded_by"": ""shin""}"
down_right,7,840,ankle_near,knee_near,105.0509667991878,224.54911357300742,"{""depth"": 21.5667568261897, ""contact"": false, ""foot_angle"": -1.1879393923933999, ""foot_pitch"": -12, ""foot_asset"": ""foot_swing"", ""ground_y"": 241.38201622871415, ""ground_slope"": 0.18, ""lift"": 2.022670337105547, ""sagittal_position"": [126, 227.2]}"
down_right,7,840,shoulder_far,thorax,106.99527816782077,138.77757398398091,"{""upper_angle"": -8, ""depth"": -10.253048327204938}"
down_right,7,840,elbow_far,shoulder_far,112.07533166264855,160.39026946782764,"{""flex"": 30, ""local_rotation"": -30, ""depth"": -11.003051110337346}"
down_right,7,840,wrist_far,elbow_far,121.84560609988671,173.19439204954134,"{""local_rotation"": 20, ""depth"": -5.971819807560529}"
down_right,7,840,hand_far,wrist_far,123.30192446068816,179.79334767379046,"{""angle"": -12.445079348883237, ""depth"": -5.971819807560529}"
down_right,7,840,shoulder_near,thorax,85.97699463206398,139.25898566906417,"{""upper_angle"": 10, ""depth"": 8.838834764831843}"
down_right,7,840,elbow_near,shoulder_near,80.44723582000039,161.14086277031814,"{""flex"": 22, ""local_rotation"": -22, ""depth"": 8.96593020226063}"
down_right,7,840,wrist_near,elbow_near,80.83225573435843,177.5694305404002,"{""local_rotation"": 10, ""depth"": 13.57944634771933}"
down_right,7,840,hand_near,wrist_near,81.19477250140406,184.5570179031083,"{""angle"": -2.9698484809835, ""depth"": 13.57944634771933}"
side,0,0,root,,104,179.5,{}
side,0,0,sacrum,root,100.5,172,{}
side,0,0,lumbar,sacrum,102.5,160,{}
side,0,0,thorax,lumbar,102,143,{}
side,0,0,cervical,thorax,102.5485078335273,129.9310264476709,{}
side,0,0,waist,lumbar,104,160,{}
side,0,0,neck,cervical,103.0485078335273,124.93102644767089,{}
side,0,0,head,neck,103.7985078335273,124.43102644767089,{}
side,0,0,hip_far,root,104,179.5,"{""phase"": 4, ""inside_pelvis"": true, ""thigh_depth"": -5.508964755137342}"
side,0,0,knee_far,hip_far,98.49103524486266,204.90966956350778,"{""sagittal_position"": [98.49103524486266, 204.90966956350778], ""flex"": 29.09719828590949, ""occluded_by"": ""thigh""}"
side,0,0,ankle_far,knee_far,80,225.93540654400974,"{""foot_angle"": 20, ""foot_pitch"": 20, ""foot_asset"": ""foot"", ""contact"": true, ""sagittal_position"": [80, 225.93540654400974]}"
side,0,0,hip_near,root,104,179.5,"{""phase"": 0, ""inside_pelvis"": true, ""thigh_depth"": 11.578807065270496}"
side,0,0,knee_near,hip_near,115.5788070652705,202.77941637896538,"{""sagittal_position"": [115.5788070652705, 202.77941637896538], ""flex"": 6.782988592399299, ""occluded_by"": ""shin""}"
side,0,0,ankle_near,knee_near,125,229.1468418066897,"{""foot_angle"": -14, ""foot_pitch"": -14, ""foot_asset"": ""foot"", ""contact"": true, ""sagittal_position"": [125, 229.1468418066897]}"
side,0,0,shoulder_far,thorax,102,138.5,"{""upper_angle"": -16}"
side,0,0,elbow_far,shoulder_far,108.06402182797399,159.64775731064302,"{""flex"": 40, ""local_rotation"": -40, ""depth"": 6.064021827973981}"
side,0,0,wrist_far,elbow_far,122.1576605614097,169.1540366696457,"{""local_rotation"": 23, ""depth"": 20.157660561409692}"
side,0,0,hand_far,wrist_far,125.9701338065149,175.02473064526367,"{""angle"": -33}"
side,0,0,shoulder_near,thorax,104,138.5,"{""upper_angle"": 16}"
side,0,0,elbow_near,shoulder_near,97.93597817202601,159.64775731064302,"{""flex"": 16, ""local_rotation"": -16, ""depth"": -6.064021827973981}"
side,0,0,wrist_near,elbow_near,97.93597817202601,176.64775731064302,"{""local_rotation"": 8, ""depth"": -6.064021827973981}"
side,0,0,hand_near,wrist_near,96.96176646530556,183.579633791834,"{""angle"": 8}"
side,1,120,root,,104,180,{}
side,1,120,sacrum,root,100.5,172.5,{}
side,1,120,lumbar,sacrum,102.5,160.5,{}
side,1,120,thorax,lumbar,102,143.5,{}
side,1,120,cervical,thorax,102.5485078335273,130.4310264476709,{}
side,1,120,waist,lumbar,104,160.5,{}
side,1,120,neck,cervical,103.0485078335273,125.43102644767089,{}
side,1,120,head,neck,103.7985078335273,124.93102644767089,{}
side,1,120,hip_far,root,104,180,"{""phase"": 5, ""inside_pelvis"": true, ""thigh_depth"": 10.748091892772663}"
side,1,120,knee_far,hip_far,114.74809189277266,203.6744275678318,"{""sagittal_position"": [114.74809189277266, 203.6744275678318], ""flex"": 78.75206665346361, ""occluded_by"": ""thigh""}"
side,1,120,ankle_far,knee_far,92,220,"{""foot_angle"": 22, ""foot_pitch"": 22, ""foot_asset"": ""foot"", ""contact"": false, ""sagittal_position"": [92, 220]}"
side,1,120,hip_near,root,104,180,"{""phase"": 1, ""inside_pelvis"": true, ""thigh_depth"": 13.501192497850425}"
side,1,120,knee_near,hip_near,117.50119249785043,202.2197615004299,"{""sagittal_position"": [117.50119249785043, 202.2197615004299], ""flex"": 38.466957331949864, ""occluded_by"": ""shin""}"
side,1,120,ankle_near,knee_near,114,230,"{""foot_angle"": 0, ""foot_pitch"": 0, ""foot_asset"": ""foot"", ""contact"": true, ""sagittal_position"": [114, 230]}"
side,1,120,shoulder_far,thorax,102,139,"{""upper_angle"": -12}"
side,1,120,elbow_far,shoulder_far,106.5740571979907,160.51924721614373,"{""flex"": 42, ""local_rotation"": -42, ""depth"": 4.5740571979907045}"
side,1,120,wrist_far,elbow_far,120.32734610236481,170.51159650511576,"{""local_rotation"": 21, ""depth"": 18.32734610236481}"
side,1,120,hand_far,wrist_far,124.13981934747001,176.38229048073373,"{""angle"": -33}"
side,1,120,shoulder_near,thorax,104,139,"{""upper_angle"": 12}"
side,1,120,elbow_near,shoulder_near,99.4259428020093,160.51924721614373,"{""flex"": 14, ""local_rotation"": -14, ""depth"": -4.5740571979907045}"
side,1,120,wrist_near,elbow_near,100.01923424595181,177.50889127546836,"{""local_rotation"": 10, ""depth"": -3.980765754048188}"
side,1,120,hand_near,wrist_near,99.04502253923135,184.44076775665934,"{""angle"": 8}"
side,2,240,root,,104,176.5,{}
side,2,240,sacrum,root,100.5,169,{}
side,2,240,lumbar,sacrum,102.5,157,{}
side,2,240,thorax,lumbar,102,140,{}
side,2,240,cervical,thorax,102.5485078335273,126.93102644767089,{}
side,2,240,waist,lumbar,104,157,{}
side,2,240,neck,cervical,103.0485078335273,121.93102644767089,{}
side,2,240,head,neck,103.7985078335273,121.43102644767089,{}
side,2,240,hip_far,root,104,176.5,"{""phase"": 6, ""inside_pelvis"": true, ""thigh_depth"": 19.2721812120285}"
side,2,240,knee_far,hip_far,123.2721812120285,193.95230733544236,"{""sagittal_position"": [123.2721812120285, 193.95230733544236], ""flex"": 69.35927675915639, ""occluded_by"": ""shin""}"
side,2,240,ankle_far,knee_far,113,220,"{""foot_angle"": -6, ""foot_pitch"": -6, ""foot_asset"": ""foot"", ""contact"": false, ""sagittal_position"": [113, 220]}"
side,2,240,hip_near,root,104,176.5,"{""phase"": 2, ""inside_pelvis"": true, ""thigh_depth"": 2.559442220479596}"
side,2,240,knee_near,hip_near,106.5594422204796,202.37371746618615,"{""sagittal_position"": [106.5594422204796, 202.37371746618615], ""flex"": 15.020968015589153, ""occluded_by"": ""thigh""}"
side,2,240,ankle_near,knee_near,102,230,"{""foot_angle"": 0, ""foot_pitch"": 0, ""foot_asset"": ""foot"", ""contact"": true, ""sagittal_position"": [102, 230]}"
side,2,240,shoulder_far,thorax,102,135.5,"{""upper_angle"": -2}"
side,2,240,elbow_far,shoulder_far,102.76778892745502,157.4865981944201,"{""flex"": 32, ""local_rotation"": -32, ""depth"": 0.7677889274550214}"
side,2,240,wrist_far,elbow_far,112.27406828645772,171.58023692785582,"{""local_rotation"": 15, ""depth"": 10.274068286457718}"
side,2,240,hand_far,wrist_far,114.55304536765782,178.19886695705105,"{""angle"": -19}"
side,2,240,shoulder_near,thorax,104,135.5,"{""upper_angle"": 3}"
side,2,240,elbow_near,shoulder_near,102.84860896265523,157.4698497646006,"{""flex"": 20, ""local_rotation"": -20, ""depth"": -1.1513910373447642}"
side,2,240,wrist_near,elbow_near,107.81892794294176,173.72703061597224,"{""local_rotation"": 14, ""depth"": 3.8189279429417606}"
side,2,240,hand_near,wrist_near,108.18527963664236,180.71743735925426,"{""angle"": -3}"
side,3,360,root,,104,178,{}
side,3,360,sacrum,root,100.5,170.5,{}
side,3,360,lumbar,sacrum,102.5,158.5,{}
side,3,360,thorax,lumbar,102,141.5,{}
side,3,360,cervical,thorax,102.5485078335273,128.4310264476709,{}
side,3,360,waist,lumbar,104,158.5,{}
side,3,360,neck,cervical,103.0485078335273,123.43102644767089,{}
side,3,360,head,neck,103.7985078335273,122.93102644767089,{}
side,3,360,hip_far,root,104,178,"{""phase"": 7, ""inside_pelvis"": true, ""thigh_depth"": 12.128370902415995}"
side,3,360,knee_far,hip_far,116.128370902416,200.99788292981398,"{""sagittal_position"": [116.128370902416, 200.99788292981398], ""flex"": 7.161910412476773, ""occluded_by"": ""shin""}"
side,3,360,ankle_far,knee_far,126,227.2,"{""foot_angle"": -12, ""foot_pitch"": -12, ""foot_asset"": ""foot"", ""contact"": false, ""sagittal_position"": [126, 227.2]}"
side,3,360,hip_near,root,104,178,"{""phase"": 3, ""inside_pelvis"": true, ""thigh_depth"": -0.8876836648214805}"
side,3,360,knee_near,hip_near,103.11231633517852,203.98484207593359,"{""sagittal_position"": [103.11231633517852, 203.98484207593359], ""flex"": 28.309187699274393, ""occluded_by"": ""thigh""}"
side,3,360,ankle_near,knee_near,89,228.16835976166024,"{""foot_angle"": 8, ""foot_pitch"": 8, ""foot_asset"": ""foot"", ""contact"": true, ""sagittal_position"": [89, 228.16835976166024]}"
side,3,360,shoulder_far,thorax,102,137,"{""upper_angle"": 10}"
side,3,360,elbow_far,shoulder_far,98.17974009132753,158.66577056626858,"{""flex"": 22, ""local_rotation"": -22, ""depth"": -3.820259908672467}"
side,3,360,wrist_far,elbow_far,101.71423883522944,175.29427977874326,"{""local_rotation"": 10, ""depth"": -0.2857611647705589}"
side,3,360,hand_far,wrist_far,101.95853531214695,182.29001556787694,"{""angle"": -2}"
side,3,360,shoulder_near,thorax,104,137,"{""upper_angle"": -8}"
side,3,360,elbow_near,shoulder_near,107.06180822112144,158.78589751231453,"{""flex"": 30, ""local_rotation"": -30, ""depth"": 3.0618082211214395}"
side,3,360,wrist_near,elbow_near,117.52805330165762,172.18208032362884,"{""local_rotation"": 20, ""depth"": 13.528053301657629}"
side,3,360,hand_near,wrist_near,119.69117226228225,178.8394759376949,"{""angle"": -18}"
side,4,480,root,,104,179.5,{}
side,4,480,sacrum,root,100.5,172,{}
side,4,480,lumbar,sacrum,102.5,160,{}
side,4,480,thorax,lumbar,102,143,{}
side,4,480,cervical,thorax,102.5485078335273,129.9310264476709,{}
side,4,480,waist,lumbar,104,160,{}
side,4,480,neck,cervical,103.0485078335273,124.93102644767089,{}
side,4,480,head,neck,103.7985078335273,124.43102644767089,{}
side,4,480,hip_far,root,104,179.5,"{""phase"": 0, ""inside_pelvis"": true, ""thigh_depth"": 11.578807065270496}"
side,4,480,knee_far,hip_far,115.5788070652705,202.77941637896538,"{""sagittal_position"": [115.5788070652705, 202.77941637896538], ""flex"": 6.782988592399299, ""occluded_by"": ""shin""}"
side,4,480,ankle_far,knee_far,125,229.1468418066897,"{""foot_angle"": -14, ""foot_pitch"": -14, ""foot_asset"": ""foot"", ""contact"": true, ""sagittal_position"": [125, 229.1468418066897]}"
side,4,480,hip_near,root,104,179.5,"{""phase"": 4, ""inside_pelvis"": true, ""thigh_depth"": -5.508964755137342}"
side,4,480,knee_near,hip_near,98.49103524486266,204.90966956350778,"{""sagittal_position"": [98.49103524486266, 204.90966956350778], ""flex"": 29.09719828590949, ""occluded_by"": ""thigh""}"
side,4,480,ankle_near,knee_near,80,225.93540654400974,"{""foot_angle"": 20, ""foot_pitch"": 20, ""foot_asset"": ""foot"", ""contact"": true, ""sagittal_position"": [80, 225.93540654400974]}"
side,4,480,shoulder_far,thorax,102,138.5,"{""upper_angle"": 16}"
side,4,480,elbow_far,shoulder_far,95.93597817202601,159.64775731064302,"{""flex"": 16, ""local_rotation"": -16, ""depth"": -6.064021827973981}"
side,4,480,wrist_far,elbow_far,95.93597817202601,176.64775731064302,"{""local_rotation"": 8, ""depth"": -6.064021827973981}"
side,4,480,hand_far,wrist_far,94.96176646530556,183.579633791834,"{""angle"": 8}"
side,4,480,shoulder_near,thorax,104,138.5,"{""upper_angle"": -16}"
side,4,480,elbow_near,shoulder_near,110.06402182797399,159.64775731064302,"{""flex"": 40, ""local_rotation"": -40, ""depth"": 6.064021827973981}"
side,4,480,wrist_near,elbow_near,124.1576605614097,169.1540366696457,"{""local_rotation"": 23, ""depth"": 20.157660561409692}"
side,4,480,hand_near,wrist_near,127.9701338065149,175.02473064526367,"{""angle"": -33}"
side,5,600,root,,104,180,{}
side,5,600,sacrum,root,100.5,172.5,{}
side,5,600,lumbar,sacrum,102.5,160.5,{}
side,5,600,thorax,lumbar,102,143.5,{}
side,5,600,cervical,thorax,102.5485078335273,130.4310264476709,{}
side,5,600,waist,lumbar,104,160.5,{}
side,5,600,neck,cervical,103.0485078335273,125.43102644767089,{}
side,5,600,head,neck,103.7985078335273,124.93102644767089,{}
side,5,600,hip_far,root,104,180,"{""phase"": 1, ""inside_pelvis"": true, ""thigh_depth"": 13.501192497850425}"
side,5,600,knee_far,hip_far,117.50119249785043,202.2197615004299,"{""sagittal_position"": [117.50119249785043, 202.2197615004299], ""flex"": 38.466957331949864, ""occluded_by"": ""shin""}"
side,5,600,ankle_far,knee_far,114,230,"{""foot_angle"": 0, ""foot_pitch"": 0, ""foot_asset"": ""foot"", ""contact"": true, ""sagittal_position"": [114, 230]}"
side,5,600,hip_near,root,104,180,"{""phase"": 5, ""inside_pelvis"": true, ""thigh_depth"": 10.748091892772663}"
side,5,600,knee_near,hip_near,114.74809189277266,203.6744275678318,"{""sagittal_position"": [114.74809189277266, 203.6744275678318], ""flex"": 78.75206665346361, ""occluded_by"": ""thigh""}"
side,5,600,ankle_near,knee_near,92,220,"{""foot_angle"": 22, ""foot_pitch"": 22, ""foot_asset"": ""foot"", ""contact"": false, ""sagittal_position"": [92, 220]}"
side,5,600,shoulder_far,thorax,102,139,"{""upper_angle"": 12}"
side,5,600,elbow_far,shoulder_far,97.4259428020093,160.51924721614373,"{""flex"": 14, ""local_rotation"": -14, ""depth"": -4.5740571979907045}"
side,5,600,wrist_far,elbow_far,98.01923424595181,177.50889127546836,"{""local_rotation"": 10, ""depth"": -3.980765754048188}"
side,5,600,hand_far,wrist_far,97.04502253923135,184.44076775665934,"{""angle"": 8}"
side,5,600,shoulder_near,thorax,104,139,"{""upper_angle"": -12}"
side,5,600,elbow_near,shoulder_near,108.5740571979907,160.51924721614373,"{""flex"": 42, ""local_rotation"": -42, ""depth"": 4.5740571979907045}"
side,5,600,wrist_near,elbow_near,122.32734610236481,170.51159650511576,"{""local_rotation"": 21, ""depth"": 18.32734610236481}"
side,5,600,hand_near,wrist_near,126.13981934747001,176.38229048073373,"{""angle"": -33}"
side,6,720,root,,104,176.5,{}
side,6,720,sacrum,root,100.5,169,{}
side,6,720,lumbar,sacrum,102.5,157,{}
side,6,720,thorax,lumbar,102,140,{}
side,6,720,cervical,thorax,102.5485078335273,126.93102644767089,{}
side,6,720,waist,lumbar,104,157,{}
side,6,720,neck,cervical,103.0485078335273,121.93102644767089,{}
side,6,720,head,neck,103.7985078335273,121.43102644767089,{}
side,6,720,hip_far,root,104,176.5,"{""phase"": 2, ""inside_pelvis"": true, ""thigh_depth"": 2.559442220479596}"
side,6,720,knee_far,hip_far,106.5594422204796,202.37371746618615,"{""sagittal_position"": [106.5594422204796, 202.37371746618615], ""flex"": 15.020968015589153, ""occluded_by"": ""thigh""}"
side,6,720,ankle_far,knee_far,102,230,"{""foot_angle"": 0, ""foot_pitch"": 0, ""foot_asset"": ""foot"", ""contact"": true, ""sagittal_position"": [102, 230]}"
side,6,720,hip_near,root,104,176.5,"{""phase"": 6, ""inside_pelvis"": true, ""thigh_depth"": 19.2721812120285}"
side,6,720,knee_near,hip_near,123.2721812120285,193.95230733544236,"{""sagittal_position"": [123.2721812120285, 193.95230733544236], ""flex"": 69.35927675915639, ""occluded_by"": ""shin""}"
side,6,720,ankle_near,knee_near,113,220,"{""foot_angle"": -6, ""foot_pitch"": -6, ""foot_asset"": ""foot"", ""contact"": false, ""sagittal_position"": [113, 220]}"
side,6,720,shoulder_far,thorax,102,135.5,"{""upper_angle"": 3}"
side,6,720,elbow_far,shoulder_far,100.84860896265523,157.4698497646006,"{""flex"": 20, ""local_rotation"": -20, ""depth"": -1.1513910373447642}"
side,6,720,wrist_far,elbow_far,105.81892794294176,173.72703061597224,"{""local_rotation"": 14, ""depth"": 3.8189279429417606}"
side,6,720,hand_far,wrist_far,106.18527963664236,180.71743735925426,"{""angle"": -3}"
side,6,720,shoulder_near,thorax,104,135.5,"{""upper_angle"": -2}"
side,6,720,elbow_near,shoulder_near,104.76778892745502,157.4865981944201,"{""flex"": 32, ""local_rotation"": -32, ""depth"": 0.7677889274550214}"
side,6,720,wrist_near,elbow_near,114.27406828645772,171.58023692785582,"{""local_rotation"": 15, ""depth"": 10.274068286457718}"
side,6,720,hand_near,wrist_near,116.55304536765782,178.19886695705105,"{""angle"": -19}"
side,7,840,root,,104,178,{}
side,7,840,sacrum,root,100.5,170.5,{}
side,7,840,lumbar,sacrum,102.5,158.5,{}
side,7,840,thorax,lumbar,102,141.5,{}
side,7,840,cervical,thorax,102.5485078335273,128.4310264476709,{}
side,7,840,waist,lumbar,104,158.5,{}
side,7,840,neck,cervical,103.0485078335273,123.43102644767089,{}
side,7,840,head,neck,103.7985078335273,122.93102644767089,{}
side,7,840,hip_far,root,104,178,"{""phase"": 3, ""inside_pelvis"": true, ""thigh_depth"": -0.8876836648214805}"
side,7,840,knee_far,hip_far,103.11231633517852,203.98484207593359,"{""sagittal_position"": [103.11231633517852, 203.98484207593359], ""flex"": 28.309187699274393, ""occluded_by"": ""thigh""}"
side,7,840,ankle_far,knee_far,89,228.16835976166024,"{""foot_angle"": 8, ""foot_pitch"": 8, ""foot_asset"": ""foot"", ""contact"": true, ""sagittal_position"": [89, 228.16835976166024]}"
side,7,840,hip_near,root,104,178,"{""phase"": 7, ""inside_pelvis"": true, ""thigh_depth"": 12.128370902415995}"
side,7,840,knee_near,hip_near,116.128370902416,200.99788292981398,"{""sagittal_position"": [116.128370902416, 200.99788292981398], ""flex"": 7.161910412476773, ""occluded_by"": ""shin""}"
side,7,840,ankle_near,knee_near,126,227.2,"{""foot_angle"": -12, ""foot_pitch"": -12, ""foot_asset"": ""foot"", ""contact"": false, ""sagittal_position"": [126, 227.2]}"
side,7,840,shoulder_far,thorax,102,137,"{""upper_angle"": -8}"
side,7,840,elbow_far,shoulder_far,105.06180822112144,158.78589751231453,"{""flex"": 30, ""local_rotation"": -30, ""depth"": 3.0618082211214395}"
side,7,840,wrist_far,elbow_far,115.52805330165762,172.18208032362884,"{""local_rotation"": 20, ""depth"": 13.528053301657629}"
side,7,840,hand_far,wrist_far,117.69117226228225,178.8394759376949,"{""angle"": -18}"
side,7,840,shoulder_near,thorax,104,137,"{""upper_angle"": 10}"
side,7,840,elbow_near,shoulder_near,100.17974009132753,158.66577056626858,"{""flex"": 22, ""local_rotation"": -22, ""depth"": -3.820259908672467}"
side,7,840,wrist_near,elbow_near,103.71423883522944,175.29427977874326,"{""local_rotation"": 10, ""depth"": -0.2857611647705589}"
side,7,840,hand_near,wrist_near,103.95853531214695,182.29001556787694,"{""angle"": -2}"
up_right,0,0,root,,95.50502525316942,179.5,{}
up_right,0,0,sacrum,root,93.0301515190165,172,{}
up_right,0,0,lumbar,sacrum,94.4443650813896,160,{}
up_right,0,0,thorax,lumbar,94.09081169079633,143,{}
up_right,0,0,waist,lumbar,95.50502525316942,160,{}
up_right,0,0,cervical,thorax,96.07266931974677,137.00700584496053,{}
up_right,0,0,neck,cervical,93.07266931974677,126.00700584496053,{}
up_right,0,0,head,neck,93.07266931974677,126.00700584496053,{}
up_right,0,0,hip_far,root,89.49461761308376,178.41812662478458,"{""phase"": 4, ""inside_pelvis"": true, ""depth"": -6.0104076400856545, ""thigh_depth"": -2.1149813044103523}"
up_right,0,0,knee_far,hip_far,85.59919127740847,203.40773323810552,"{""depth"": -2.1149813044103523, ""flex"": 29.09719828590949, ""sagittal_position"": [98.49103524486266, 204.90966956350778], ""occluded_by"": ""shin""}"
up_right,0,0,ankle_far,knee_far,72.52405486460663,225.8592026673156,"{""depth"": 10.960155108391485, ""contact"": true, ""foot_angle"": 4.525483399593904, ""foot_pitch"": 20, ""foot_asset"": ""foot_toe"", ""ground_y"": 239.47282791951048, ""ground_slope"": 0, ""lift"": 0, ""sagittal_position"": [80, 225.93540654400974]}"
up_right,0,0,hip_near,root,101.51543289325508,180.58187337521542,"{""phase"": 0, ""inside_pelvis"": true, ""depth"": 6.0104076400856545, ""thigh_depth"": -2.177045353817819}"
up_right,0,0,knee_near,hip_near,109.70288588715856,200.18359474465686,"{""depth"": -2.177045353817819, ""flex"": 6.782988592399299, ""sagittal_position"": [115.5788070652705, 202.77941637896538], ""occluded_by"": ""thigh""}"
up_right,0,0,ankle_near,knee_near,116.36467529817259,222.85559070381646,"{""depth"": -8.838834764831843, ""contact"": true, ""foot_angle"": -3.167838379715733, ""foot_pitch"": -14, ""foot_asset"": ""foot_heel"", ""ground_y"": 235.90900974233026, ""ground_slope"": 0, ""lift"": 0, ""sagittal_position"": [125, 229.1468418066897]}"
up_right,0,0,shoulder_far,thorax,85.0266595876342,138.7349146961661,"{""upper_angle"": -16, ""depth"": -7.4246212024587495}"
up_right,0,0,elbow_far,shoulder_far,86.31462698047872,160.225704883275,"{""flex"": 40, ""local_rotation"": -40, ""depth"": -14.71247572126153}"
up_right,0,0,wrist_far,elbow_far,93.83165394850374,170.52924084387817,"{""local_rotation"": 12.65, ""depth"": -27.126863793248035}"
up_right,0,0,hand_far,wrist_far,96.37238571069966,175.89128037871916,"{""angle"": -25.353317016580196, ""depth"": -27.126863793248035}"
up_right,0,0,shoulder_near,thorax,106.97059799101307,141.2772693820261,"{""upper_angle"": 16, ""depth"": 8.838834764831844}"
up_right,0,0,elbow_near,shoulder_near,105.5111141599356,162.08199381620324,"{""flex"": 16, ""local_rotation"": -16, ""depth"": 15.95517284540168}"
up_right,0,0,wrist_near,elbow_near,107.48235762004143,179.08199381620324,"{""local_rotation"": 4.4, ""depth"": 17.926416305507495}"
up_right,0,0,hand_near,wrist_near,107.79255301583686,186.03098389657234,"{""angle"": -2.555924809921374, ""depth"": 17.926416305507495}"
up_right,1,120,root,,95.50502525316942,180,{}
up_right,1,120,sacrum,root,93.0301515190165,172.5,{}
up_right,1,120,lumbar,sacrum,94.4443650813896,160.5,{}
up_right,1,120,thorax,lumbar,94.09081169079633,143.5,{}
up_right,1,120,waist,lumbar,95.50502525316942,160.5,{}
up_right,1,120,cervical,thorax,96.07266931974677,137.50700584496053,{}
up_right,1,120,neck,cervical,93.07266931974677,126.50700584496053,{}
up_right,1,120,head,neck,93.07266931974677,126.50700584496053,{}
up_right,1,120,hip_far,root,89.49461761308376,178.91812662478458,"{""phase"": 5, ""inside_pelvis"": true, ""depth"": -6.0104076400856545, ""thigh_depth"": -13.61045630228136}"
up_right,1,120,knee_far,hip_far,97.09466627527947,200.11855950840038,"{""depth"": -13.61045630228136, ""flex"": 78.75206665346361, ""sagittal_position"": [114.74809189277266, 203.6744275678318], ""occluded_by"": ""shin""}"
up_right,1,120,ankle_far,knee_far,81.0093362388452,218.57681806701677,"{""depth"": 2.474873734152915, ""contact"": false, ""foot_angle"": 4.978031739553295, ""foot_pitch"": 22, ""foot_asset"": ""foot_swing"", ""ground_y"": 237.9454772721475, ""ground_slope"": 0, ""lift"": 5.6293014373757835, ""sagittal_position"": [92, 220]}"
up_right,1,120,hip_near,root,101.51543289325508,181.08187337521542,"{""phase"": 1, ""inside_pelvis"": true, ""depth"": 6.0104076400856545, ""thigh_depth"": -3.5363771292493222}"
up_right,1,120,knee_near,hip_near,111.06221766259006,199.59191942390433,"{""depth"": -3.5363771292493222, ""flex"": 38.466957331949864, ""sagittal_position"": [117.50119249785043, 202.2197615004299], ""occluded_by"": ""thigh""}"
up_right,1,120,ankle_near,knee_near,108.58650070512056,225.32817305217168,"{""depth"": -1.06066017177982, ""contact"": true, ""foot_angle"": 0, ""foot_pitch"": 0, ""foot_asset"": ""foot"", ""ground_y"": 237.30908116907963, ""ground_slope"": 0, ""lift"": 0, ""sagittal_position"": [114, 230]}"
up_right,1,120,shoulder_far,thorax,85.0266595876342,139.2349146961661,"{""upper_angle"": -12, ""depth"": -7.4246212024587495}"
up_right,1,120,elbow_far,shoulder_far,85.303205450633,161.01290966128857,"{""flex"": 42, ""local_rotation"": -42, ""depth"": -13.61676906392868}"
up_right,1,120,wrist_far,elbow_far,92.58272415460864,171.78326245809265,"{""local_rotation"": 11.55, ""depth"": -25.787338055754304}"
up_right,1,120,hand_far,wrist_far,95.06760535410935,177.21559399581997,"{""angle"": -24.58051452719463, ""depth"": -25.787338055754304}"
up_right,1,120,shoulder_near,thorax,106.97059799101307,141.7772693820261,"{""upper_angle"": 12, ""depth"": 8.838834764831844}"
up_right,1,120,elbow_near,shoulder_near,106.56467825352489,163.03776884919108,"{""flex"": 14, ""local_rotation"": -14, ""depth"": 14.9016087518124}"
up_right,1,120,wrist_near,elbow_near,109.00700007425114,180.06097454077425,"{""local_rotation"": 5.5, ""depth"": 16.504889766075237}"
up_right,1,120,hand_near,wrist_near,109.4128057163678,187.0237441414068,"{""angle"": -3.33555166233046, ""depth"": 16.504889766075237}"
up_right,2,240,root,,96,176.5,{}
up_right,2,240,sacrum,root,93.52512626584708,169,{}
up_right,2,240,lumbar,sacrum,94.93933982822018,157,{}
up_right,2,240,thorax,lumbar,94.58578643762691,140,{}
up_right,2,240,waist,lumbar,96,157,{}
up_right,2,240,cervical,thorax,96.56764406657734,134.00700584496053,{}
up_right,2,240,neck,cervical,93.56764406657734,123.00700584496053,{}
up_right,2,240,head,neck,93.56764406657734,123.00700584496053,{}
up_right,2,240,hip_far,root,89.98959235991434,175.41812662478458,"{""phase"": 6, ""inside_pelvis"": true, ""depth"": -6.0104076400856545, ""thigh_depth"": -19.63789766336698}"
up_right,2,240,knee_far,hip_far,103.61708238319567,188.8440939077277,"{""depth"": -19.63789766336698, ""flex"": 69.35927675915639, ""sagittal_position"": [123.2721812120285, 193.95230733544236], ""occluded_by"": ""thigh""}"
up_right,2,240,ankle_far,knee_far,96.35355339059326,213.85092328131014,"{""depth"": -12.374368670764582, ""contact"": false, ""foot_angle"": -1.3576450198781715, ""foot_pitch"": -6, ""foot_asset"": ""foot"", ""ground_y"": 235.27261363926237, ""ground_slope"": 0, ""lift"": 9.543094939242454, ""sagittal_position"": [113, 220]}"
up_right,2,240,hip_near,root,102.01040764008566,177.58187337521542,"{""phase"": 2, ""inside_pelvis"": true, ""depth"": 6.0104076400856545, ""thigh_depth"": 4.2006086899293775}"
up_right,2,240,knee_near,hip_near,103.82020659024194,200.888900403813,"{""depth"": 4.2006086899293775, ""flex"": 15.020968015589153, ""sagittal_position"": [106.5594422204796, 202.37371746618615], ""occluded_by"": ""shin""}"
up_right,2,240,ankle_near,knee_near,100.59619407771257,226.7027886347983,"{""depth"": 7.4246212024587495, ""contact"": true, ""foot_angle"": 0, ""foot_pitch"": 0, ""foot_asset"": ""foot"", ""ground_y"": 238.83643181644257, ""ground_slope"": 0, ""lift"": 0, ""sagittal_position"": [102, 230]}"
up_right,2,240,shoulder_far,thorax,85.52163433446478,135.7349146961661,"{""upper_angle"": -2, ""depth"": -7.4246212024587495}"
up_right,2,240,elbow_far,shoulder_far,83.21439961655705,157.76494559115608,"{""flex"": 32, ""local_rotation"": -32, ""depth"": -10.817673434613267}"
up_right,2,240,wrist_far,elbow_far,87.58248000443636,172.39634069248015,"{""local_rotation"": 8.25, ""depth"": -19.89350224394296}"
up_right,2,240,hand_far,wrist_far,88.90901834363754,178.87325991277467,"{""angle"": -11.57468303934748, ""depth"": -19.89350224394296}"
up_right,2,240,shoulder_near,thorax,107.46557273784364,138.2772693820261,"{""upper_angle"": 3, ""depth"": 8.838834764831844}"
up_right,2,240,elbow_near,shoulder_near,109.47984345228593,160.18198663380244,"{""flex"": 20, ""local_rotation"": -20, ""depth"": 12.48141829988193}"
up_right,2,240,wrist_near,elbow_near,115.21022369605247,176.72033118562368,"{""local_rotation"": 7.700000000000001, ""depth"": 11.182706032406857}"
up_right,2,240,hand_near,wrist_near,116.78566369627839,183.69231304882132,"{""angle"": -12.733124854961403, ""depth"": 11.182706032406857}"
up_right,3,360,root,,96.49497474683058,178,{}
up_right,3,360,sacrum,root,94.02010101267766,170.5,{}
up_right,3,360,lumbar,sacrum,95.43431457505076,158.5,{}
up_right,3,360,thorax,lumbar,95.08076118445749,141.5,{}
up_right,3,360,waist,lumbar,96.49497474683058,158.5,{}
up_right,3,360,cervical,thorax,97.06261881340792,135.50700584496053,{}
up_right,3,360,neck,cervical,94.06261881340792,124.50700584496053,{}
up_right,3,360,head,neck,94.06261881340792,124.50700584496053,{}
up_right,3,360,hip_far,root,90.48456710674492,176.91812662478458,"{""phase"": 7, ""inside_pelvis"": true, ""depth"": -6.0104076400856545, ""thigh_depth"": -14.586460949929611}"
up_right,3,360,knee_far,hip_far,99.06062041658888,196.27152998854336,"{""depth"": -14.586460949929611, ""flex"": 7.161910412476773, ""sagittal_position"": [116.128370902416, 200.99788292981398], ""occluded_by"": ""thigh""}"
up_right,3,360,ankle_far,knee_far,106.04091629284896,218.8237063261239,"{""depth"": -21.566756826189696, ""contact"": false, ""foot_angle"": -2.715290039756343, ""foot_pitch"": -12, ""foot_asset"": ""foot_heel"", ""ground_y"": 233.61798377128585, ""ground_slope"": 0, ""lift"": 2.022670337105547, ""sagittal_position"": [126, 227.2]}"
up_right,3,360,hip_near,root,102.50538238691624,179.08187337521542,"{""phase"": 3, ""inside_pelvis"": true, ""depth"": 6.0104076400856545, ""thigh_depth"": 6.6380947790294496}"
up_right,3,360,knee_near,hip_near,101.87769524797244,203.02304219821082,"{""depth"": 6.6380947790294496, ""flex"": 28.309187699274393, ""sagittal_position"": [103.11231633517852, 203.98484207593359], ""occluded_by"": ""shin""}"
up_right,3,360,ankle_near,knee_near,91.89878066911803,226.99561160535424,"{""depth"": 16.617009357883866, ""contact"": true, ""foot_angle"": 1.810193359837562, ""foot_pitch"": 8, ""foot_asset"": ""foot_toe"", ""ground_y"": 240.4910616844191, ""ground_slope"": 0, ""lift"": 0, ""sagittal_position"": [89, 228.16835976166024]}"
up_right,3,360,shoulder_far,thorax,86.01660908129536,137.2349146961661,"{""upper_angle"": 10, ""depth"": -7.4246212024587495}"
up_right,3,360,elbow_far,shoulder_far,80.48685026923177,158.6845787274493,"{""flex"": 22, ""local_rotation"": -22, ""depth"": -7.5517166398875375}"
up_right,3,360,wrist_far,elbow_far,80.87187018358982,175.51302938231663,"{""local_rotation"": 5.5, ""depth"": -12.16523278534624}"
up_right,3,360,hand_far,wrist_far,80.69221066389899,182.5128585577129,"{""angle"": 1.4702462738614932, ""depth"": -12.16523278534624}"
up_right,3,360,shoulder_near,thorax,107.96054748467422,139.7772693820261,"{""upper_angle"": -8, ""depth"": 8.838834764831844}"
up_right,3,360,elbow_near,shoulder_near,113.040600979502,161.73636892280848,"{""flex"": 30, ""local_rotation"": -30, ""depth"": 9.588837547964253}"
up_right,3,360,wrist_near,elbow_near,122.81087541674016,175.72461196372333,"{""local_rotation"": 11, ""depth"": 4.557606245187438}"
up_right,3,360,hand_near,wrist_near,125.88734629199162,182.14142869917956,"{""angle"": -25.614866528389527, ""depth"": 4.557606245187438}"
up_right,4,480,root,,96.49497474683058,179.5,{}
up_right,4,480,sacrum,root,94.02010101267766,172,{}
up_right,4,480,lumbar,sacrum,95.43431457505076,160,{}
up_right,4,480,thorax,lumbar,95.08076118445749,143,{}
up_right,4,480,waist,lumbar,96.49497474683058,160,{}
up_right,4,480,cervical,thorax,97.06261881340792,137.00700584496053,{}
up_right,4,480,neck,cervical,94.06261881340792,126.00700584496053,{}
up_right,4,480,head,neck,94.06261881340792,126.00700584496053,{}
up_right,4,480,hip_far,root,90.48456710674492,178.41812662478458,"{""phase"": 0, ""inside_pelvis"": true, ""depth"": -6.0104076400856545, ""thigh_depth"": -14.197860633989128}"
up_right,4,480,knee_far,hip_far,98.6720201006484,198.13169553016414,"{""depth"": -14.197860633989128, ""flex"": 6.782988592399299, ""sagittal_position"": [115.5788070652705, 202.77941637896538], ""occluded_by"": ""thigh""}"
up_right,4,480,ankle_far,knee_far,105.33380951166242,220.930375574316,"{""depth"": -20.85965004500315, ""contact"": true, ""foot_angle"": -3.167838379715733, ""foot_pitch"": -14, ""foot_asset"": ""foot_heel"", ""ground_y"": 233.74526299189944, ""ground_slope"": 0, ""lift"": 0, ""sagittal_position"": [125, 229.1468418066897]}"
up_right,4,480,hip_near,root,102.50538238691624,180.58187337521542,"{""phase"": 4, ""inside_pelvis"": true, ""depth"": 6.0104076400856545, ""thigh_depth"": 9.905833975760956}"
up_right,4,480,knee_near,hip_near,98.60995605124094,205.43933007226596,"{""depth"": 9.905833975760956, ""flex"": 29.09719828590949, ""sagittal_position"": [98.49103524486266, 204.90966956350778], ""occluded_by"": ""shin""}"
up_right,4,480,ankle_near,knee_near,85.5348196384391,227.78144942218626,"{""depth"": 22.980970388562795, ""contact"": true, ""foot_angle"": 4.525483399593904, ""foot_pitch"": 20, ""foot_asset"": ""foot_toe"", ""ground_y"": 241.6365746699413, ""ground_slope"": 0, ""lift"": 0, ""sagittal_position"": [80, 225.93540654400974]}"
up_right,4,480,shoulder_far,thorax,86.01660908129536,138.7349146961661,"{""upper_angle"": 16, ""depth"": -7.4246212024587495}"
up_right,4,480,elbow_far,shoulder_far,78.90027100072552,159.53963913034323,"{""flex"": 16, ""local_rotation"": -16, ""depth"": -5.965137371381294}"
up_right,4,480,wrist_far,elbow_far,76.9290275406197,176.53963913034323,"{""local_rotation"": 4.4, ""depth"": -7.93638083148711}"
up_right,4,480,hand_far,wrist_far,75.85935251434105,183.48862921071233,"{""angle"": 8.75099194697399, ""depth"": -7.93638083148711}"
up_right,4,480,shoulder_near,thorax,107.96054748467422,141.2772693820261,"{""upper_angle"": -16, ""depth"": 8.838834764831844}"
up_right,4,480,elbow_near,shoulder_near,115.248402003477,162.768059569135,"{""flex"": 40, ""local_rotation"": -40, ""depth"": 7.5508673719873345}"
up_right,4,480,wrist_near,elbow_near,127.66279007546352,173.07159552973818,"{""local_rotation"": 12.65, ""depth"": 0.033840403962289045}"
up_right,4,480,hand_near,wrist_near,131.91759822404595,178.43363506457916,"{""angle"": -38.43219545110405, ""depth"": 0.033840403962289045}"
up_right,5,600,root,,96.49497474683058,180,{}
up_right,5,600,sacrum,root,94.02010101267766,172.5,{}
up_right,5,600,lumbar,sacrum,95.43431457505076,160.5,{}
up_right,5,600,thorax,lumbar,95.08076118445749,143.5,{}
up_right,5,600,waist,lumbar,96.49497474683058,160.5,{}
up_right,5,600,cervical,thorax,97.06261881340792,137.50700584496053,{}
up_right,5,600,neck,cervical,94.06261881340792,126.50700584496053,{}
up_right,5,600,head,neck,94.06261881340792,126.50700584496053,{}
up_right,5,600,hip_far,root,90.48456710674492,178.91812662478458,"{""phase"": 1, ""inside_pelvis"": true, ""depth"": -6.0104076400856545, ""thigh_depth"": -15.557192409420631}"
up_right,5,600,knee_far,hip_far,100.0313518760799,197.5243285469573,"{""depth"": -15.557192409420631, ""flex"": 38.466957331949864, ""sagittal_position"": [117.50119249785043, 202.2197615004299], ""occluded_by"": ""thigh""}"
up_right,5,600,ankle_far,knee_far,97.5556349186104,223.38080097678392,"{""depth"": -13.081475451951128, ""contact"": true, ""foot_angle"": 0, ""foot_pitch"": 0, ""foot_asset"": ""foot"", ""ground_y"": 235.1453344186488, ""ground_slope"": 0, ""lift"": 0, ""sagittal_position"": [114, 230]}"
up_right,5,600,hip_near,root,102.50538238691624,181.08187337521542,"{""phase"": 5, ""inside_pelvis"": true, ""depth"": 6.0104076400856545, ""thigh_depth"": -1.58964102211005}"
up_right,5,600,knee_near,hip_near,110.10543104911194,202.1362225252901,"{""depth"": -1.58964102211005, ""flex"": 78.75206665346361, ""sagittal_position"": [114.74809189277266, 203.6744275678318], ""occluded_by"": ""shin""}"
up_right,5,600,ankle_near,knee_near,94.02010101267767,220.4937436715127,"{""depth"": 14.495689014324224, ""contact"": false, ""foot_angle"": 4.978031739553295, ""foot_pitch"": 22, ""foot_asset"": ""foot_swing"", ""ground_y"": 240.10922402257836, ""ground_slope"": 0, ""lift"": 5.6293014373757835, ""sagittal_position"": [92, 220]}"
up_right,5,600,shoulder_far,thorax,86.01660908129536,139.2349146961661,"{""upper_angle"": 12, ""depth"": -7.4246212024587495}"
up_right,5,600,elbow_far,shoulder_far,79.9538350943148,160.49541416333108,"{""flex"": 14, ""local_rotation"": -14, ""depth"": -7.018701464970574}"
up_right,5,600,wrist_far,elbow_far,78.35055408005196,177.51861985491425,"{""local_rotation"": 5.5, ""depth"": -9.461023285696836}"
up_right,5,600,hand_far,wrist_far,77.34039872992244,184.4813894555468,"{""angle"": 8.254850151648741, ""depth"": -9.461023285696836}"
up_right,5,600,shoulder_near,thorax,107.96054748467422,141.7772693820261,"{""upper_angle"": -12, ""depth"": 8.838834764831844}"
up_right,5,600,elbow_near,shoulder_near,114.15269534614414,163.55526434714858,"{""flex"": 42, ""local_rotation"": -42, ""depth"": 8.562288901833044}"
up_right,5,600,wrist_near,elbow_near,126.32326433796977,174.32561714395266,"{""local_rotation"": 11.55, ""depth"": 1.2827701978574044}"
up_right,5,600,hand_near,wrist_near,130.52001313821796,179.75794868167998,"{""angle"": -37.68788738458921, ""depth"": 1.2827701978574044}"
up_right,6,720,root,,96,176.5,{}
up_right,6,720,sacrum,root,93.52512626584708,169,{}
up_right,6,720,lumbar,sacrum,94.93933982822018,157,{}
up_right,6,720,thorax,lumbar,94.58578643762691,140,{}
up_right,6,720,waist,lumbar,96,157,{}
up_right,6,720,cervical,thorax,96.56764406657734,134.00700584496053,{}
up_right,6,720,neck,cervical,93.56764406657734,123.00700584496053,{}
up_right,6,720,head,neck,93.56764406657734,123.00700584496053,{}
up_right,6,720,hip_far,root,89.98959235991434,175.41812662478458,"{""phase"": 2, ""inside_pelvis"": true, ""depth"": -6.0104076400856545, ""thigh_depth"": -7.8202065902419315}"
up_right,6,720,knee_far,hip_far,91.79939131007062,198.8297969656981,"{""depth"": -7.8202065902419315, ""flex"": 15.020968015589153, ""sagittal_position"": [106.5594422204796, 202.37371746618615], ""occluded_by"": ""shin""}"
up_right,6,720,ankle_far,knee_far,88.57537879754125,224.75541655941058,"{""depth"": -4.59619407771256, ""contact"": true, ""foot_angle"": 0, ""foot_pitch"": 0, ""foot_asset"": ""foot"", ""ground_y"": 236.67268506601175, ""ground_slope"": 0, ""lift"": 0, ""sagittal_position"": [102, 230]}"
up_right,6,720,hip_near,root,102.01040764008566,177.58187337521542,"{""phase"": 6, ""inside_pelvis"": true, ""depth"": 6.0104076400856545, ""thigh_depth"": -7.617082383195672}"
up_right,6,720,knee_near,hip_near,115.63789766336699,190.92028367251746,"{""depth"": -7.617082383195672, ""flex"": 69.35927675915639, ""sagittal_position"": [123.2721812120285, 193.95230733544236], ""occluded_by"": ""thigh""}"
up_right,6,720,ankle_near,knee_near,108.37436867076458,215.79643362309983,"{""depth"": -0.35355339059327306, ""contact"": false, ""foot_angle"": -1.3576450198781715, ""foot_pitch"": -6, ""foot_asset"": ""foot"", ""ground_y"": 237.43636038969322, ""ground_slope"": 0, ""lift"": 9.543094939242454, ""sagittal_position"": [113, 220]}"
up_right,6,720,shoulder_far,thorax,85.52163433446478,135.7349146961661,"{""upper_angle"": 3, ""depth"": -7.4246212024587495}"
up_right,6,720,elbow_far,shoulder_far,81.8790507994147,157.6396319479424,"{""flex"": 20, ""local_rotation"": -20, ""depth"": -9.438891916901044}"
up_right,6,720,wrist_far,elbow_far,83.17776306688977,174.1779764997637,"{""local_rotation"": 7.700000000000001, ""depth"": -15.169272160667585}"
up_right,6,720,hand_far,wrist_far,83.20211927541366,181.14995836296134,"{""angle"": -0.20015862114913222, ""depth"": -15.169272160667585}"
up_right,6,720,shoulder_near,thorax,107.46557273784364,138.2772693820261,"{""upper_angle"": -2, ""depth"": 8.838834764831844}"
up_right,6,720,elbow_near,shoulder_near,110.85862496999815,160.30730027701608,"{""flex"": 32, ""local_rotation"": -32, ""depth"": 11.146069482739579}"
up_right,6,720,wrist_near,elbow_near,119.93445377932787,174.93869537834016,"{""local_rotation"": 8.25, ""depth"": 6.777989094860249}"
up_right,6,720,hand_near,wrist_near,122.90870406603668,181.41561459863468,"{""angle"": -24.664945092121876, ""depth"": 6.777989094860249}"
up_right,7,840,root,,95.50502525316942,178,{}
up_right,7,840,sacrum,root,93.0301515190165,170.5,{}
up_right,7,840,lumbar,sacrum,94.4443650813896,158.5,{}
up_right,7,840,thorax,lumbar,94.09081169079633,141.5,{}
up_right,7,840,waist,lumbar,95.50502525316942,158.5,{}
up_right,7,840,cervical,thorax,96.07266931974677,135.50700584496053,{}
up_right,7,840,neck,cervical,93.07266931974677,124.50700584496053,{}
up_right,7,840,head,neck,93.07266931974677,124.50700584496053,{}
up_right,7,840,hip_far,root,89.49461761308376,176.91812662478458,"{""phase"": 3, ""inside_pelvis"": true, ""depth"": -6.0104076400856545, ""thigh_depth"": -5.3827205011418595}"
up_right,7,840,knee_far,hip_far,88.86693047413996,200.98226863545193,"{""depth"": -5.3827205011418595, ""flex"": 28.309187699274393, ""sagittal_position"": [103.11231633517852, 203.98484207593359], ""occluded_by"": ""shin""}"
up_right,7,840,ankle_far,knee_far,78.88801589528555,225.06928646795984,"{""depth"": 4.596194077712557, ""contact"": true, ""foot_angle"": 1.810193359837562, ""foot_pitch"": 8, ""foot_asset"": ""foot_toe"", ""ground_y"": 238.32731493398825, ""ground_slope"": 0, ""lift"": 0, ""sagittal_position"": [89, 228.16835976166024]}"
up_right,7,840,hip_near,root,101.51543289325508,179.08187337521542,"{""phase"": 7, ""inside_pelvis"": true, ""depth"": 6.0104076400856545, ""thigh_depth"": -2.565645669758302}"
up_right,7,840,knee_near,hip_near,110.09148620309904,198.32403308427035,"{""depth"": -2.565645669758302, ""flex"": 7.161910412476773, ""sagittal_position"": [116.128370902416, 200.99788292981398], ""occluded_by"": ""thigh""}"
up_right,7,840,ankle_near,knee_near,117.07178207935912,220.74946648326124,"{""depth"": -9.545941546018389, ""contact"": false, ""foot_angle"": -2.715290039756343, ""foot_pitch"": -12, ""foot_asset"": ""foot_heel"", ""ground_y"": 235.7817305217167, ""ground_slope"": 0, ""lift"": 2.022670337105547, ""sagittal_position"": [126, 227.2]}"
up_right,7,840,shoulder_far,thorax,85.0266595876342,137.2349146961661,"{""upper_angle"": -8, ""depth"": -7.4246212024587495}"
up_right,7,840,elbow_far,shoulder_far,84.2766568045018,159.19401423694845,"{""flex"": 30, ""local_rotation"": -30, ""depth"": -12.504674697286537}"
up_right,7,840,wrist_far,elbow_far,89.3078881072786,173.18225727786336,"{""local_rotation"": 11, ""depth"": -22.274949134524686}"
up_right,7,840,hand_far,wrist_far,90.72569388546859,179.59907401331958,"{""angle"": -12.459412476937889, ""depth"": -22.274949134524686}"
up_right,7,840,shoulder_near,thorax,106.97059799101307,139.7772693820261,"{""upper_angle"": 10, ""depth"": 8.838834764831844}"
up_right,7,840,elbow_near,shoulder_near,107.09769342844184,161.2269334133093,"{""flex"": 22, ""local_rotation"": -22, ""depth"": 14.368593576895435}"
up_right,7,840,wrist_near,elbow_near,111.71120957390055,178.05538406817666,"{""local_rotation"": 5.5, ""depth"": 13.983573662537392}"
up_right,7,840,hand_near,wrist_near,113.01152373509494,185.05521324357292,"{""angle"": -10.523521080808328, ""depth"": 13.983573662537392}"
back,0,0,root,,95.3,179.5,{}
back,0,0,sacrum,root,95.3,172,{}
back,0,0,lumbar,sacrum,95.3,160,{}
back,0,0,thorax,lumbar,95.3,143,{}
back,0,0,waist,lumbar,95.3,160,{}
back,0,0,cervical,thorax,95.3,130,{}
back,0,0,neck,cervical,95.3,125,{}
back,0,0,head,neck,95.3,124.5,{}
back,0,0,hip_far,root,86.8,179.5,"{""phase"": 4, ""inside_pelvis"": true, ""depth"": -1.0409497792752501e-15, ""thigh_depth"": 5.508964755137341}"
back,0,0,knee_far,hip_far,86.8,204.86684400162454,"{""depth"": 5.508964755137341, ""flex"": 29.09719828590949, ""sagittal_position"": [98.49103524486266, 204.90966956350778], ""occluded_by"": ""shin""}"
back,0,0,ankle_far,knee_far,86.8,228.365,"{""depth"": 24, ""contact"": true, ""foot_angle"": 7.837739514543061e-16, ""foot_pitch"": 20, ""foot_asset"": ""foot_toe"", ""ground_y"": 241.82, ""ground_slope"": 0, ""lift"": 0, ""sagittal_position"": [80, 225.93540654400974]}"
back,0,0,hip_near,root,103.8,179.5,"{""phase"": 0, ""inside_pelvis"": true, ""depth"": 1.0409497792752501e-15, ""thigh_depth"": -11.578807065270494}"
back,0,0,knee_near,hip_near,103.8,198.70834048803061,"{""depth"": -11.578807065270494, ""flex"": 6.782988592399299, ""sagittal_position"": [115.5788070652705, 202.77941637896538], ""occluded_by"": ""thigh""}"
back,0,0,ankle_near,knee_near,103.8,221.1295,"{""depth"": -21, ""contact"": true, ""foot_angle"": -5.486417660180142e-16, ""foot_pitch"": -14, ""foot_asset"": ""foot_heel"", ""ground_y"": 233.72, ""ground_slope"": 0, ""lift"": 0, ""sagittal_position"": [125, 229.1468418066897]}"
back,0,0,shoulder_far,thorax,82.8,138.7,"{""upper_angle"": -16, ""depth"": 1.9999999999999984}"
back,0,0,elbow_far,shoulder_far,78.55743912688104,160.33287905688093,"{""flex"": 40, ""local_rotation"": -40, ""depth"": -4.064021827973983}"
back,0,0,wrist_far,elbow_far,75.09448188035066,170.96664951455847,"{""local_rotation"": 12.65, ""depth"": -18.157660561409696}"
back,0,0,hand_far,wrist_far,73.88244684406503,176.44128124118714,"{""angle"": 12.483423821835217, ""depth"": -18.157660561409696}"
back,0,0,shoulder_near,thorax,107.8,138.5,"{""upper_angle"": 16, ""depth"": 1.5308084989341915e-15}"
back,0,0,elbow_near,shoulder_near,111.8,159.1626355644051,"{""flex"": 16, ""local_rotation"": -16, ""depth"": 6.064021827973983}"
back,0,0,wrist_near,elbow_near,114.5877592360209,176.1626355644051,"{""local_rotation"": 4.4, ""depth"": 6.064021827973984}"
back,0,0,hand_near,wrist_near,115.56347496862821,183.09904217424253,"{""angle"": -8.007025616739519, ""depth"": 6.064021827973984}"
back,1,120,root,,95.3,180,{}
back,1,120,sacrum,root,95.3,172.5,{}
back,1,120,lumbar,sacrum,95.3,160.5,{}
back,1,120,thorax,lumbar,95.3,143.5,{}
back,1,120,waist,lumbar,95.3,160.5,{}
back,1,120,cervical,thorax,95.3,130.5,{}
back,1,120,neck,cervical,95.3,125.5,{}
back,1,120,head,neck,95.3,125,{}
back,1,120,hip_far,root,86.8,180,"{""phase"": 5, ""inside_pelvis"": true, ""depth"": -1.0409497792752501e-15, ""thigh_depth"": -10.748091892772665}"
back,1,120,knee_far,hip_far,86.8,200.93288649882587,"{""depth"": -10.748091892772665, ""flex"": 78.75206665346361, ""sagittal_position"": [114.74809189277266, 203.6744275678318], ""occluded_by"": ""shin""}"
back,1,120,ankle_far,knee_far,86.8,220.79669856262421,"{""depth"": 11.999999999999998, ""contact"": false, ""foot_angle"": 8.621513465997367e-16, ""foot_pitch"": 22, ""foot_asset"": ""foot_swing"", ""ground_y"": 239.66, ""ground_slope"": 0, ""lift"": 5.6293014373757835, ""sagittal_position"": [92, 220]}"
back,1,120,hip_near,root,103.8,180,"{""phase"": 1, ""inside_pelvis"": true, ""depth"": 1.0409497792752501e-15, ""thigh_depth"": -13.501192497850424}"
back,1,120,knee_near,hip_near,103.8,197.86975945717967,"{""depth"": -13.501192497850424, ""flex"": 38.466957331949864, ""sagittal_position"": [117.50119249785043, 202.2197615004299], ""occluded_by"": ""thigh""}"
back,1,120,ankle_near,knee_near,103.8,223.88,"{""depth"": -9.999999999999998, ""contact"": true, ""foot_angle"": 0, ""foot_pitch"": 0, ""foot_asset"": ""foot"", ""ground_y"": 235.7, ""ground_slope"": 0, ""lift"": 0, ""sagittal_position"": [114, 230]}"
back,1,120,shoulder_far,thorax,82.8,139.2,"{""upper_angle"": -12, ""depth"": 1.9999999999999984}"
back,1,120,elbow_far,shoulder_far,78.61703771208036,161.08517179198296,"{""flex"": 42, ""local_rotation"": -42, ""depth"": -2.5740571979907068}"
back,1,120,wrist_far,elbow_far,75.15854288641722,172.17778419330494,"{""local_rotation"": 11.55, ""depth"": -16.327346102364814}"
back,1,120,hand_far,wrist_far,73.94806969743513,177.72082060161847,"{""angle"": 12.318705383578509, ""depth"": -16.327346102364814}"
back,1,120,shoulder_near,thorax,107.8,139,"{""upper_angle"": 12, ""depth"": 1.5308084989341915e-15}"
back,1,120,elbow_near,shoulder_near,111.8,160.15332264030448,"{""flex"": 14, ""local_rotation"": -14, ""depth"": 4.574057197990706}"
back,1,120,wrist_near,elbow_near,114.66067319860831,177.1904300151445,"{""local_rotation"": 5.5, ""depth"": 3.9807657540481904}"
back,1,120,hand_near,wrist_near,115.66190881812122,184.14318642195803,"{""angle"": -8.19457574711212, ""depth"": 3.9807657540481904}"
back,2,240,root,,96,176.5,{}
back,2,240,sacrum,root,96,169,{}
back,2,240,lumbar,sacrum,96,157,{}
back,2,240,thorax,lumbar,96,140,{}
back,2,240,waist,lumbar,96,157,{}
back,2,240,cervical,thorax,96,127,{}
back,2,240,neck,cervical,96,122,{}
back,2,240,head,neck,96,121.5,{}
back,2,240,hip_far,root,87.5,176.5,"{""phase"": 6, ""inside_pelvis"": true, ""depth"": -1.0409497792752501e-15, ""thigh_depth"": -19.2721812120285}"
back,2,240,knee_far,hip_far,87.5,188.92620985112345,"{""depth"": -19.2721812120285, ""flex"": 69.35927675915639, ""sagittal_position"": [123.2721812120285, 193.95230733544236], ""occluded_by"": ""thigh""}"
back,2,240,ankle_far,knee_far,87.5,214.49890506075755,"{""depth"": -9.000000000000002, ""contact"": false, ""foot_angle"": -2.351321854362918e-16, ""foot_pitch"": -6, ""foot_asset"": ""foot"", ""ground_y"": 235.88, ""ground_slope"": 0, ""lift"": 9.543094939242454, ""sagittal_position"": [113, 220]}"
back,2,240,hip_near,root,104.5,176.5,"{""phase"": 2, ""inside_pelvis"": true, ""depth"": 1.0409497792752501e-15, ""thigh_depth"": -2.5594422204795952}"
back,2,240,knee_near,hip_near,104.5,199.71931352207702,"{""depth"": -2.5594422204795952, ""flex"": 15.020968015589153, ""sagittal_position"": [106.5594422204796, 202.37371746618615], ""occluded_by"": ""shin""}"
back,2,240,ankle_near,knee_near,104.5,225.824,"{""depth"": 2.000000000000001, ""contact"": true, ""foot_angle"": 0, ""foot_pitch"": 0, ""foot_asset"": ""foot"", ""ground_y"": 237.86, ""ground_slope"": 0, ""lift"": 0, ""sagittal_position"": [102, 230]}"
back,2,240,shoulder_far,thorax,83.5,135.7,"{""upper_angle"": -2, ""depth"": 1.9999999999999984}"
back,2,240,elbow_far,shoulder_far,79.4692884429018,157.7480213086165,"{""flex"": 32, ""local_rotation"": -32, ""depth"": 1.2322110725449766}"
back,2,240,wrist_far,elbow_far,76.14040760997398,172.60216239077243,"{""local_rotation"": 8.25, ""depth"": -8.27406828645772}"
back,2,240,hand_far,wrist_far,74.97529931844925,179.15033941017703,"{""angle"": 10.088977230736216, ""depth"": -8.27406828645772}"
back,2,240,shoulder_near,thorax,108.5,135.5,"{""upper_angle"": 3, ""depth"": 1.5308084989341915e-15}"
back,2,240,elbow_near,shoulder_near,112.5,157.37773848161302,"{""flex"": 20, ""local_rotation"": -20, ""depth"": 1.1513910373447662}"
back,2,240,wrist_near,elbow_near,115.63366247800296,174.03254485140758,"{""local_rotation"": 7.700000000000001, ""depth"": -3.8189279429417584}"
back,2,240,hand_near,wrist_near,116.730444345304,181.0310330060731,"{""angle"": -8.906775130790853, ""depth"": -3.8189279429417584}"
back,3,360,root,,96.7,178,{}
back,3,360,sacrum,root,96.7,170.5,{}
back,3,360,lumbar,sacrum,96.7,158.5,{}
back,3,360,thorax,lumbar,96.7,141.5,{}
back,3,360,waist,lumbar,96.7,158.5,{}
back,3,360,cervical,thorax,96.7,128.5,{}
back,3,360,neck,cervical,96.7,123.5,{}
back,3,360,head,neck,96.7,123,{}
back,3,360,hip_far,root,88.2,178,"{""phase"": 7, ""inside_pelvis"": true, ""depth"": -1.0409497792752501e-15, ""thigh_depth"": -12.128370902415996}"
back,3,360,knee_far,hip_far,88.2,196.80775731063179,"{""depth"": -12.128370902415996, ""flex"": 7.161910412476773, ""sagittal_position"": [116.128370902416, 200.99788292981398], ""occluded_by"": ""thigh""}"
back,3,360,ankle_far,knee_far,88.2,218.94632966289444,"{""depth"": -22, ""contact"": false, ""foot_angle"": -4.702643708725836e-16, ""foot_pitch"": -12, ""foot_asset"": ""foot_heel"", ""ground_y"": 233.54, ""ground_slope"": 0, ""lift"": 2.022670337105547, ""sagittal_position"": [126, 227.2]}"
back,3,360,hip_near,root,105.2,178,"{""phase"": 3, ""inside_pelvis"": true, ""depth"": 1.0409497792752501e-15, ""thigh_depth"": 0.8876836648214815}"
back,3,360,knee_near,hip_near,105.2,202.09308675801398,"{""depth"": 0.8876836648214815, ""flex"": 28.309187699274393, ""sagittal_position"": [103.11231633517852, 203.98484207593359], ""occluded_by"": ""shin""}"
back,3,360,ankle_near,knee_near,105.2,226.9075,"{""depth"": 15.000000000000002, ""contact"": true, ""foot_angle"": 3.135095805817224e-16, ""foot_pitch"": 8, ""foot_asset"": ""foot_toe"", ""ground_y"": 240.2, ""ground_slope"": 0, ""lift"": 0, ""sagittal_position"": [89, 228.16835976166024]}"
back,3,360,shoulder_far,thorax,84.2,137.2,"{""upper_angle"": 10, ""depth"": 1.9999999999999984}"
back,3,360,elbow_far,shoulder_far,80.2,158.56014977357478,"{""flex"": 22, ""local_rotation"": -22, ""depth"": 5.820259908672465}"
back,3,360,wrist_far,elbow_far,77.21000164076698,175.4714188855616,"{""local_rotation"": 5.5, ""depth"": 2.2857611647705567}"
back,3,360,hand_far,wrist_far,76.16350221503541,182.48981567500775,"{""angle"": 8.480778401750426, ""depth"": 2.2857611647705567}"
back,3,360,shoulder_near,thorax,109.2,137,"{""upper_angle"": -8, ""depth"": 1.5308084989341915e-15}"
back,3,360,elbow_near,shoulder_near,113.32247232884487,159.03084217000426,"{""flex"": 30, ""local_rotation"": -30, ""depth"": -3.0618082211214372}"
back,3,360,wrist_near,elbow_near,116.67348186555802,173.26432458776145,"{""local_rotation"": 11, ""depth"": -13.528053301657627}"
back,3,360,hand_near,wrist_near,117.84633520340762,179.75560493693416,"{""angle"": -10.241782903918864, ""depth"": -13.528053301657627}"
back,4,480,root,,96.7,179.5,{}
back,4,480,sacrum,root,96.7,172,{}
back,4,480,lumbar,sacrum,96.7,160,{}
back,4,480,thorax,lumbar,96.7,143,{}
back,4,480,waist,lumbar,96.7,160,{}
back,4,480,cervical,thorax,96.7,130,{}
back,4,480,neck,cervical,96.7,125,{}
back,4,480,head,neck,96.7,124.5,{}
back,4,480,hip_far,root,88.2,179.5,"{""phase"": 0, ""inside_pelvis"": true, ""depth"": -1.0409497792752501e-15, ""thigh_depth"": -11.578807065270498}"
back,4,480,knee_far,hip_far,88.2,198.70834048803061,"{""depth"": -11.578807065270498, ""flex"": 6.782988592399299, ""sagittal_position"": [115.5788070652705, 202.77941637896538], ""occluded_by"": ""thigh""}"
back,4,480,ankle_far,knee_far,88.2,221.1295,"{""depth"": -21, ""contact"": true, ""foot_angle"": -5.486417660180142e-16, ""foot_pitch"": -14, ""foot_asset"": ""foot_heel"", ""ground_y"": 233.72, ""ground_slope"": 0, ""lift"": 0, ""sagittal_position"": [125, 229.1468418066897]}"
back,4,480,hip_near,root,105.2,179.5,"{""phase"": 4, ""inside_pelvis"": true, ""depth"": 1.0409497792752501e-15, ""thigh_depth"": 5.508964755137343}"
back,4,480,knee_near,hip_near,105.2,204.86684400162454,"{""depth"": 5.508964755137343, ""flex"": 29.09719828590949, ""sagittal_position"": [98.49103524486266, 204.90966956350778], ""occluded_by"": ""shin""}"
back,4,480,ankle_near,knee_near,105.2,228.365,"{""depth"": 24, ""contact"": true, ""foot_angle"": 7.837739514543061e-16, ""foot_pitch"": 20, ""foot_asset"": ""foot_toe"", ""ground_y"": 241.82, ""ground_slope"": 0, ""lift"": 0, ""sagittal_position"": [80, 225.93540654400974]}"
back,4,480,shoulder_far,thorax,84.2,138.7,"{""upper_angle"": 16, ""depth"": 1.9999999999999984}"
back,4,480,elbow_far,shoulder_far,80.2,159.36263556440508,"{""flex"": 16, ""local_rotation"": -16, ""depth"": 8.06402182797398}"
back,4,480,wrist_far,elbow_far,77.4122407639791,176.36263556440508,"{""local_rotation"": 4.4, ""depth"": 8.06402182797398}"
back,4,480,hand_far,wrist_far,76.43652503137179,183.29904217424252,"{""angle"": 8.00702561673952, ""depth"": 8.06402182797398}"
back,4,480,shoulder_near,thorax,109.2,138.5,"{""upper_angle"": -16, ""depth"": 1.5308084989341915e-15}"
back,4,480,elbow_near,shoulder_near,113.44256087311896,160.13287905688094,"{""flex"": 40, ""local_rotation"": -40, ""depth"": -6.0640218279739795}"
back,4,480,wrist_near,elbow_near,116.90551811964934,170.76664951455848,"{""local_rotation"": 12.65, ""depth"": -20.15766056140969}"
back,4,480,hand_near,wrist_near,118.11755315593498,176.24128124118715,"{""angle"": -12.48342382183523, ""depth"": -20.15766056140969}"
back,5,600,root,,96.7,180,{}
back,5,600,sacrum,root,96.7,172.5,{}
back,5,600,lumbar,sacrum,96.7,160.5,{}
back,5,600,thorax,lumbar,96.7,143.5,{}
back,5,600,waist,lumbar,96.7,160.5,{}
back,5,600,cervical,thorax,96.7,130.5,{}
back,5,600,neck,cervical,96.7,125.5,{}
back,5,600,head,neck,96.7,125,{}
back,5,600,hip_far,root,88.2,180,"{""phase"": 1, ""inside_pelvis"": true, ""depth"": -1.0409497792752501e-15, ""thigh_depth"": -13.501192497850427}"
back,5,600,knee_far,hip_far,88.2,197.86975945717967,"{""depth"": -13.501192497850427, ""flex"": 38.466957331949864, ""sagittal_position"": [117.50119249785043, 202.2197615004299], ""occluded_by"": ""thigh""}"
back,5,600,ankle_far,knee_far,88.2,223.88,"{""depth"": -10.000000000000002, ""contact"": true, ""foot_angle"": 0, ""foot_pitch"": 0, ""foot_asset"": ""foot"", ""ground_y"": 235.7, ""ground_slope"": 0, ""lift"": 0, ""sagittal_position"": [114, 230]}"
back,5,600,hip_near,root,105.2,180,"{""phase"": 5, ""inside_pelvis"": true, ""depth"": 1.0409497792752501e-15, ""thigh_depth"": -10.748091892772662}"
back,5,600,knee_near,hip_near,105.2,200.93288649882587,"{""depth"": -10.748091892772662, ""flex"": 78.75206665346361, ""sagittal_position"": [114.74809189277266, 203.6744275678318], ""occluded_by"": ""shin""}"
back,5,600,ankle_near,knee_near,105.2,220.79669856262421,"{""depth"": 12.000000000000002, ""contact"": false, ""foot_angle"": 8.621513465997367e-16, ""foot_pitch"": 22, ""foot_asset"": ""foot_swing"", ""ground_y"": 239.66, ""ground_slope"": 0, ""lift"": 5.6293014373757835, ""sagittal_position"": [92, 220]}"
back,5,600,shoulder_far,thorax,84.2,139.2,"{""upper_angle"": 12, ""depth"": 1.9999999999999984}"
back,5,600,elbow_far,shoulder_far,80.2,160.35332264030447,"{""flex"": 14, ""local_rotation"": -14, ""depth"": 6.574057197990703}"
back,5,600,wrist_far,elbow_far,77.33932680139169,177.3904300151445,"{""local_rotation"": 5.5, ""depth"": 5.980765754048186}"
back,5,600,hand_far,wrist_far,76.33809118187878,184.34318642195802,"{""angle"": 8.19457574711212, ""depth"": 5.980765754048186}"
back,5,600,shoulder_near,thorax,109.2,139,"{""upper_angle"": -12, ""depth"": 1.5308084989341915e-15}"
back,5,600,elbow_near,shoulder_near,113.38296228791964,160.88517179198297,"{""flex"": 42, ""local_rotation"": -42, ""depth"": -4.574057197990703}"
back,5,600,wrist_near,elbow_near,116.84145711358278,171.97778419330496,"{""local_rotation"": 11.55, ""depth"": -18.327346102364807}"
back,5,600,hand_near,wrist_near,118.05193030256487,177.52082060161848,"{""angle"": -12.318705383578523, ""depth"": -18.327346102364807}"
back,6,720,root,,96,176.5,{}
back,6,720,sacrum,root,96,169,{}
back,6,720,lumbar,sacrum,96,157,{}
back,6,720,thorax,lumbar,96,140,{}
back,6,720,waist,lumbar,96,157,{}
back,6,720,cervical,thorax,96,127,{}
back,6,720,neck,cervical,96,122,{}
back,6,720,head,neck,96,121.5,{}
back,6,720,hip_far,root,87.5,176.5,"{""phase"": 2, ""inside_pelvis"": true, ""depth"": -1.0409497792752501e-15, ""thigh_depth"": -2.559442220479597}"
back,6,720,knee_far,hip_far,87.5,199.71931352207702,"{""depth"": -2.559442220479597, ""flex"": 15.020968015589153, ""sagittal_position"": [106.5594422204796, 202.37371746618615], ""occluded_by"": ""shin""}"
back,6,720,ankle_far,knee_far,87.5,225.824,"{""depth"": 1.999999999999999, ""contact"": true, ""foot_angle"": 0, ""foot_pitch"": 0, ""foot_asset"": ""foot"", ""ground_y"": 237.86, ""ground_slope"": 0, ""lift"": 0, ""sagittal_position"": [102, 230]}"
back,6,720,hip_near,root,104.5,176.5,"{""phase"": 6, ""inside_pelvis"": true, ""depth"": 1.0409497792752501e-15, ""thigh_depth"": -19.2721812120285}"
back,6,720,knee_near,hip_near,104.5,188.92620985112345,"{""depth"": -19.2721812120285, ""flex"": 69.35927675915639, ""sagittal_position"": [123.2721812120285, 193.95230733544236], ""occluded_by"": ""thigh""}"
back,6,720,ankle_near,knee_near,104.5,214.49890506075755,"{""depth"": -8.999999999999998, ""contact"": false, ""foot_angle"": -2.351321854362918e-16, ""foot_pitch"": -6, ""foot_asset"": ""foot"", ""ground_y"": 235.88, ""ground_slope"": 0, ""lift"": 9.543094939242454, ""sagittal_position"": [113, 220]}"
back,6,720,shoulder_far,thorax,83.5,135.7,"{""upper_angle"": 3, ""depth"": 1.9999999999999984}"
back,6,720,elbow_far,shoulder_far,79.5,157.577738481613,"{""flex"": 20, ""local_rotation"": -20, ""depth"": 3.151391037344762}"
back,6,720,wrist_far,elbow_far,76.36633752199704,174.23254485140757,"{""local_rotation"": 7.700000000000001, ""depth"": -1.818927942941763}"
back,6,720,hand_far,wrist_far,75.269555654696,181.2310330060731,"{""angle"": 8.90677513079085, ""depth"": -1.818927942941763}"
back,6,720,shoulder_near,thorax,108.5,135.5,"{""upper_angle"": -2, ""depth"": 1.5308084989341915e-15}"
back,6,720,elbow_near,shoulder_near,112.5307115570982,157.5480213086165,"{""flex"": 32, ""local_rotation"": -32, ""depth"": -0.7677889274550194}"
back,6,720,wrist_near,elbow_near,115.85959239002602,172.40216239077245,"{""local_rotation"": 8.25, ""depth"": -10.274068286457716}"
back,6,720,hand_near,wrist_near,117.02470068155075,178.95033941017704,"{""angle"": -10.088977230736223, ""depth"": -10.274068286457716}"
back,7,840,root,,95.3,178,{}
back,7,840,sacrum,root,95.3,170.5,{}
back,7,840,lumbar,sacrum,95.3,158.5,{}
back,7,840,thorax,lumbar,95.3,141.5,{}
back,7,840,waist,lumbar,95.3,158.5,{}
back,7,840,cervical,thorax,95.3,128.5,{}
back,7,840,neck,cervical,95.3,123.5,{}
back,7,840,head,neck,95.3,123,{}
back,7,840,hip_far,root,86.8,178,"{""phase"": 3, ""inside_pelvis"": true, ""depth"": -1.0409497792752501e-15, ""thigh_depth"": 0.8876836648214795}"
back,7,840,knee_far,hip_far,86.8,202.09308675801398,"{""depth"": 0.8876836648214795, ""flex"": 28.309187699274393, ""sagittal_position"": [103.11231633517852, 203.98484207593359], ""occluded_by"": ""shin""}"
back,7,840,ankle_far,knee_far,86.8,226.9075,"{""depth"": 14.999999999999998, ""contact"": true, ""foot_angle"": 3.135095805817224e-16, ""foot_pitch"": 8, ""foot_asset"": ""foot_toe"", ""ground_y"": 240.2, ""ground_slope"": 0, ""lift"": 0, ""sagittal_position"": [89, 228.16835976166024]}"
back,7,840,hip_near,root,103.8,178,"{""phase"": 7, ""inside_pelvis"": true, ""depth"": 1.0409497792752501e-15, ""thigh_depth"": -12.128370902415993}"
back,7,840,knee_near,hip_near,103.8,196.80775731063179,"{""depth"": -12.128370902415993, ""flex"": 7.161910412476773, ""sagittal_position"": [116.128370902416, 200.99788292981398], ""occluded_by"": ""thigh""}"
back,7,840,ankle_near,knee_near,103.8,218.94632966289444,"{""depth"": -22, ""contact"": false, ""foot_angle"": -4.702643708725836e-16, ""foot_pitch"": -12, ""foot_asset"": ""foot_heel"", ""ground_y"": 233.54, ""ground_slope"": 0, ""lift"": 2.022670337105547, ""sagittal_position"": [126, 227.2]}"
back,7,840,shoulder_far,thorax,82.8,137.2,"{""upper_angle"": -8, ""depth"": 1.9999999999999984}"
back,7,840,elbow_far,shoulder_far,78.67752767115513,159.23084217000425,"{""flex"": 30, ""local_rotation"": -30, ""depth"": -1.0618082211214415}"
back,7,840,wrist_far,elbow_far,75.32651813444198,173.46432458776144,"{""local_rotation"": 11, ""depth"": -11.52805330165763}"
back,7,840,hand_far,wrist_far,74.15366479659238,179.95560493693415,"{""angle"": 10.241782903918855, ""depth"": -11.52805330165763}"
back,7,840,shoulder_near,thorax,107.8,137,"{""upper_angle"": 10, ""depth"": 1.5308084989341915e-15}"
back,7,840,elbow_near,shoulder_near,111.8,158.3601497735748,"{""flex"": 22, ""local_rotation"": -22, ""depth"": 3.8202599086724693}"
back,7,840,wrist_near,elbow_near,114.78999835923302,175.27141888556162,"{""local_rotation"": 5.5, ""depth"": 0.2857611647705613}"
back,7,840,hand_near,wrist_near,115.83649778496459,182.28981567500776,"{""angle"": -8.480778401750426, ""depth"": 0.2857611647705613}"
